Kecamatan,Kota,Jenis Faskes,Penyelenggara Faskes,Nama Faskes,Latitude,Longitude
Asemrowo,Surabaya,Puskesmas Induk,Pemerintah Kota,Puskesmas Asemrowo,-7.2388207,112.6714753
Asemrowo,Surabaya,Puskesmas Pembantu (Pustu),Pemerintah Kota,Pustu Tambak Langon,-7.2388207,112.6714753
Asemrowo,Surabaya,Klinik Pratama,swasta,NAYAKA HUSADA 03,-7.2388207,112.6714753
Benowo,Surabaya,Apotek,lainnya,KIMIA FARMA BUKIT PALMA,-7.2285631,112.6115998
Benowo,Surabaya,Rumah Sakit Umum,Pemerintah Kota,RS Umum Daerah Bhakti Dharma Husada,-7.2285631,112.6115998
Benowo,Surabaya,Puskesmas Induk,Pemerintah Kota,Puskesmas Sememi,-7.2285631,112.6115998
Benowo,Surabaya,Puskesmas Pembantu (Pustu),Pemerintah Kota,Pustu Kandangan,-7.2285631,112.6115998
Benowo,Surabaya,Puskesmas Pembantu (Pustu),Pemerintah Kota,Pustu Romo Kalisari,-7.2285631,112.6115998
Benowo,Surabaya,Rumah Sakit Umum,Swasta,RS Bunda,-7.2285631,112.6115998
Benowo,Surabaya,Apotek,swasta,KANDANGAN,-7.2285631,112.6115998
Benowo,Surabaya,Apotek,swasta,K - 96,-7.2285631,112.6115998
Benowo,Surabaya,Apotek,swasta,VIVA GENERIK KLAKAH REJO,-7.2285631,112.6115998
Benowo,Surabaya,Apotek,swasta,RENO FARMA,-7.2285631,112.6115998
Benowo,Surabaya,Apotek,swasta,HAPSARI,-7.2285631,112.6115998
Benowo,Surabaya,Apotek,swasta,BENOWO APPOTIK,-7.2285631,112.6115998
Benowo,Surabaya,Apotek,swasta,KUSURI MAINCARE,-7.2285631,112.6115998
Benowo,Surabaya,Apotek,swasta,Wahyu Buana Medika,-7.2285631,112.6115998
Benowo,Surabaya,Apotek,swasta,Pahala Bukit Palma,-7.2285631,112.6115998
Benowo,Surabaya,Klinik Pratama,swasta,KARYA MEDIKA 111,-7.2285631,112.6115998
Benowo,Surabaya,Klinik Pratama,swasta,DOKTER ANANG SURABAYA,-7.2285631,112.6115998
Bubutan,Surabaya,Puskesmas Induk,Pemerintah Kota,Puskesmas Gundih,-7.2466266,112.711117
Bubutan,Surabaya,Puskesmas Induk,Pemerintah Kota,Puskesmas Tembok Dukuh,-7.2466266,112.711117
Bubutan,Surabaya,Puskesmas Pembantu (Pustu),Pemerintah Kota,Pustu Asem Jajar,-7.2466266,112.711117
Bubutan,Surabaya,Rumah Sakit Khusus,Swasta,RS Ibu dan Anak IBI Surabaya,-7.2466266,112.711117
Bubutan,Surabaya,Apotek,swasta,USAHA,-7.2466266,112.711117
Bubutan,Surabaya,Apotek,swasta,KALIBUTUH,-7.2466266,112.711117
Bubutan,Surabaya,Apotek,swasta,PRODERMA,-7.2466266,112.711117
Bubutan,Surabaya,Apotek,swasta,FILLINA,-7.2466266,112.711117
Bubutan,Surabaya,Apotek,swasta,NOVEM,-7.2466266,112.711117
Bubutan,Surabaya,Apotek,swasta,MEGA SURYA,-7.2466266,112.711117
Bubutan,Surabaya,Apotek,swasta,VIVA APOTEK PURWODADI,-7.2466266,112.711117
Bubutan,Surabaya,Toko Obat,swasta,CARREFOUR BUBUTAN,-7.2466266,112.711117
Bubutan,Surabaya,Toko Obat,swasta,XING LIN,-7.2466266,112.711117
Bubutan,Surabaya,Toko Obat,swasta,Super Indo Apartemen Gunawangsa,-7.2466266,112.711117
Bubutan,Surabaya,Klinik Pratama,swasta,Anugerah Karya Medika 102,-7.2466266,112.711117
Bubutan,Surabaya,Klinik Pratama,swasta,DON BOSCO,-7.2466266,112.711117
Bubutan,Surabaya,Klinik Pratama,swasta,SAMARIA,-7.2466266,112.711117
Bubutan,Surabaya,Klinik Pratama,swasta,DERMALOVE SCIENCE OF BEAUTY,-7.2466266,112.711117
Bulak,Surabaya,Apotek,lainnya,Kimia Farma Suramadu,-7.2322521,112.7710484
Bulak,Surabaya,Puskesmas Induk,Pemerintah Kota,Puskesmas Kenjeran,-7.2322521,112.7710484
Bulak,Surabaya,Puskesmas Pembantu (Pustu),Pemerintah Kota,Pustu Bulak,-7.2322521,112.7710484
Bulak,Surabaya,Puskesmas Pembantu (Pustu),Pemerintah Kota,Pustu Kedung Cowek,-7.2322521,112.7710484
Bulak,Surabaya,Apotek,swasta,VIVA APOTEK BULAK SETRO,-7.2322521,112.7710484
Bulak,Surabaya,Apotek,swasta,BITA MEDIKA,-7.2322521,112.7710484
Bulak,Surabaya,Apotek,swasta,Efi Barokah,-7.2322521,112.7710484
Bulak,Surabaya,Toko Obat,swasta,DWIJAYA SENTOSA ABADI,-7.2322521,112.7710484
Bulak,Surabaya,Klinik Pratama,TNI/POLRI,KENJERAN DISKES LANTAMAL V,-7.2322521,112.7710484
Bulak,Surabaya,Klinik Pratama,TNI/POLRI,PUSDIKLAT HANUDNAS,-7.2322521,112.7710484
Wonokromo,Surabaya,Klinik Pratama,swasta,KIMIA FARMA DARMO,-7.2941667,112.7207974
Dukuh Pakis,Surabaya,Apotek,lainnya,KIMIA FARMA 52,-7.2915497,112.6828133
Dukuh Pakis,Surabaya,Klinik Pratama,lainnya,GUNUNGSARI,-7.2915497,112.6828133
Dukuh Pakis,Surabaya,Puskesmas Induk,Pemerintah Kota,Puskesmas Dukuh Kupang,-7.2915497,112.6828133
Dukuh Pakis,Surabaya,Puskesmas Pembantu (Pustu),Pemerintah Kota,Pustu Gunungsari,-7.2915497,112.6828133
Dukuh Pakis,Surabaya,Puskesmas Pembantu (Pustu),Pemerintah Kota,Pustu Pradah Kali Kendal,-7.2915497,112.6828133
Dukuh Pakis,Surabaya,Apotek,swasta,DUTA FARMA,-7.2915497,112.6828133
Dukuh Pakis,Surabaya,Apotek,swasta,TIARA,-7.2915497,112.6828133
Dukuh Pakis,Surabaya,Apotek,swasta,TIARA BUKIT DARMO,-7.2915497,112.6828133
Dukuh Pakis,Surabaya,Apotek,swasta,ETIKA FARMA,-7.2915497,112.6828133
Dukuh Pakis,Surabaya,Apotek,swasta,INDAH FARMA,-7.2915497,112.6828133
Dukuh Pakis,Surabaya,Apotek,swasta,PHARMACARE,-7.2915497,112.6828133
Dukuh Pakis,Surabaya,Apotek,swasta,E - MEDICA,-7.2915497,112.6828133
Dukuh Pakis,Surabaya,Apotek,swasta,GUARDIAN SURABAYA CIPUTRA WORLD,-7.2915497,112.6828133
Dukuh Pakis,Surabaya,Apotek,swasta,K - 24 DUKUH KUPANG,-7.2915497,112.6828133
Dukuh Pakis,Surabaya,Apotek,swasta,SIAGA FARMA 2,-7.2915497,112.6828133
Dukuh Pakis,Surabaya,Apotek,swasta,MAHARVA MEDIKA,-7.2915497,112.6828133
Dukuh Pakis,Surabaya,Apotek,swasta,WATSONS LENMARC,-7.2915497,112.6828133
Dukuh Pakis,Surabaya,Apotek,swasta,Halomedika Dukuh Pakis,-7.2915497,112.6828133
Dukuh Pakis,Surabaya,Toko Obat,swasta,HYPERMART CIPUTRA WORLD,-7.2915497,112.6828133
Dukuh Pakis,Surabaya,Toko Obat,swasta,toko Obat PT. Trans Retail Indonesia Cabang Transmart Carrefour Lenmarc Surabaya,-7.2915497,112.6828133
Dukuh Pakis,Surabaya,Toko Obat,swasta,Super Indo HR. Muhammad,-7.2915497,112.6828133
Dukuh Pakis,Surabaya,Klinik Utama,swasta,GIGI SEHAT,-7.2915497,112.6828133
Dukuh Pakis,Surabaya,Klinik Pratama,swasta,ANUGRAH,-7.2915497,112.6828133
Dukuh Pakis,Surabaya,Klinik Pratama,swasta,REDEMPTOR MUNDI,-7.2915497,112.6828133
Dukuh Pakis,Surabaya,Klinik Pratama,swasta,Q - LIFE KLINIK,-7.2915497,112.6828133
Dukuh Pakis,Surabaya,Klinik Pratama,swasta,TANATA,-7.2915497,112.6828133
Dukuh Pakis,Surabaya,Klinik Pratama,swasta,ERNADE,-7.2915497,112.6828133
Dukuh Pakis,Surabaya,Klinik Pratama,swasta,MAHARVA,-7.2915497,112.6828133
Dukuh Pakis,Surabaya,Klinik Pratama,swasta,DIANDRA,-7.2915497,112.6828133
Dukuh Pakis,Surabaya,Klinik Pratama,swasta,DERMASTER,-7.2915497,112.6828133
Dukuh Pakis,Surabaya,Klinik Pratama,swasta,dr. MF,-7.2915497,112.6828133
Dukuh Pakis,Surabaya,Klinik Pratama,swasta,MEDIKA HOLISTIK,-7.2915497,112.6828133
Dukuh Pakis,Surabaya,Klinik Pratama,swasta,MAHARVA,-7.2915497,112.6828133
Dukuh Pakis,Surabaya,Klinik Utama,swasta,GIGI SEHAT,-7.2915497,112.6828133
Dukuh Pakis,Surabaya,Klinik Utama,swasta,ESTHER,-7.2915497,112.6828133
Dukuh Pakis,Surabaya,Klinik Utama,swasta,ROYAL CLINIC,-7.2915497,112.6828133
Dukuh Pakis,Surabaya,Klinik Utama,swasta,PWHC,-7.2915497,112.6828133
Dukuh Pakis,Surabaya,Klinik Utama,swasta,WIJAYA KUSUMA,-7.2915497,112.6828133
Dukuh Pakis,Surabaya,Klinik Utama,swasta,DENTALPOINT,-7.2915497,112.6828133
Dukuh Pakis,Surabaya,Klinik Utama,swasta,PROSPEK,-7.2915497,112.6828133
Dukuh Pakis,Surabaya,Klinik Utama,swasta,SKINDA DERMATOAESTHETIC CLINIC,-7.2915497,112.6828133
Dukuh Pakis,Surabaya,Klinik Utama,swasta,REJUVA,-7.2915497,112.6828133
Dukuh Pakis,Surabaya,Klinik Utama,swasta,PARAHITA DIAGNOSTIC CENTER,-7.2915497,112.6828133
Dukuh Pakis,Surabaya,Klinik Utama,swasta,FDC,-7.2915497,112.6828133
Dukuh Pakis,Surabaya,Klinik Utama,swasta,INDENTAL VILLA BUKIT MAS,-7.2915497,112.6828133
Dukuh Pakis,Surabaya,Rumah Sakit Umum,TNI/POLRI,RS Marinir Ewa Pangalila Gunungsari,-7.2915497,112.6828133
Gayungan,Surabaya,Apotek,lainnya,KIMIA FARMA KETINTANG,-7.3280627,112.7092178
Gayungan,Surabaya,Puskesmas Induk,Pemerintah Kota,Puskesmas Gayungan,-7.3280627,112.7092178
Gayungan,Surabaya,Puskesmas Pembantu (Pustu),Pemerintah Kota,Pustu Dukuh Menanggal,-7.3280627,112.7092178
Gayungan,Surabaya,Labkesda/GFK,Pemerintah Kota,Labkesda Kota Surabaya,-7.3280627,112.7092178
Gayungan,Surabaya,Rumah Sakit Khusus,Pemerintah Provinsi,RS Mata Masyarakat Jawa Timur,-7.3280627,112.7092178
Gayungan,Surabaya,Rumah Sakit Umum,Swasta,RS Bhakti Rahayu,-7.3280627,112.7092178
Gayungan,Surabaya,Apotek,swasta,DHARMA,-7.3280627,112.7092178
Gayungan,Surabaya,Apotek,swasta,NEW BINTANG,-7.3280627,112.7092178
Gayungan,Surabaya,Apotek,swasta,RINDANG FARMA,-7.3280627,112.7092178
Gayungan,Surabaya,Apotek,swasta,K - 24 MENANGGAL,-7.3280627,112.7092178
Gayungan,Surabaya,Apotek,swasta,CIKAL,-7.3280627,112.7092178
Gayungan,Surabaya,Apotek,swasta,PAHALA KETINTANG,-7.3280627,112.7092178
Gayungan,Surabaya,Apotek,swasta,K - 24 GAYUNGAN,-7.3280627,112.7092178
Gayungan,Surabaya,Apotek,swasta,MEDSENTRAL,-7.3280627,112.7092178
Gayungan,Surabaya,Apotek,swasta,TELKOMEDIKA KETINTANG,-7.3280627,112.7092178
Gayungan,Surabaya,Toko Obat,swasta,BOSTON HEALTH & BEAUTY CITO / HYPERMART CITO,-7.3280627,112.7092178
Gayungan,Surabaya,Toko Obat,swasta,GUARDIAN ROYAL PLAZA,-7.3280627,112.7092178
Gayungan,Surabaya,Klinik Pratama,swasta,PONDOK KASIH,-7.3280627,112.7092178
Gayungan,Surabaya,Klinik Pratama,swasta,ADI HAYATI,-7.3280627,112.7092178
Gayungan,Surabaya,Klinik Pratama,swasta,YAKES TELKOM,-7.3280627,112.7092178
Gayungan,Surabaya,Klinik Pratama,swasta,DINA AKUPUNTUR & BEAUTY CARE,-7.3280627,112.7092178
Gayungan,Surabaya,Klinik Utama,swasta,CITRA MEDICAL CENTRE,-7.3280627,112.7092178
Gayungan,Surabaya,Klinik Utama,swasta,USADA BUANA,-7.3280627,112.7092178
Gayungan,Surabaya,Klinik Utama,swasta,HAFIRA SKIN CARE,-7.3280627,112.7092178
Gayungan,Surabaya,Klinik Utama,swasta,SURYA DIAGNOSA MEDIKA,-7.3280627,112.7092178
Gayungan,Surabaya,Klinik Utama,swasta,DINA,-7.3280627,112.7092178
Gayungan,Surabaya,Klinik Utama,swasta,CONFIDENTS DENTAL HOUSE,-7.3280627,112.7092178
Gayungan,Surabaya,Rumah Sakit Umum,TNI/POLRI,RS Bhayangkara TK II HS. Samsoeri Mertojoso,-7.3280627,112.7092178
Gayungan,Surabaya,Klinik Pratama,TNI/POLRI,BIDDOKES AHMAD YANI,-7.3280627,112.7092178
Genteng,Surabaya,Apotek,lainnya,KIMIA FARMA KUSUMA BANGSA,-7.3280627,112.7092178
Genteng,Surabaya,Apotek,lainnya,KIMIA FARMA UNDAAN,-7.3280627,112.7092178
Genteng,Surabaya,Puskesmas Induk,Pemerintah Kota,Puskesmas Ketabang,-7.3280627,112.7092178
Genteng,Surabaya,Puskesmas Induk,Pemerintah Kota,Puskesmas Peneleh,-7.3280627,112.7092178
Genteng,Surabaya,Puskesmas Pembantu (Pustu),Pemerintah Kota,Pustu Embong Kaliasin,-7.3280627,112.7092178
Genteng,Surabaya,Rumah Sakit Umum,Swasta,RS Adi Husada Undaan,-7.3280627,112.7092178
Genteng,Surabaya,Rumah Sakit Khusus,Swasta,RS Mata Undaan,-7.3280627,112.7092178
Genteng,Surabaya,Apotek,swasta,METRO FARMA,-7.3280627,112.7092178
Genteng,Surabaya,Apotek,swasta,LISTI FARMA,-7.3280627,112.7092178
Genteng,Surabaya,Apotek,swasta,PRAYOGI,-7.3280627,112.7092178
Genteng,Surabaya,Apotek,swasta,TANJUNG,-7.3280627,112.7092178
Genteng,Surabaya,Apotek,swasta,POLYFARMA,-7.3280627,112.7092178
Genteng,Surabaya,Apotek,swasta,KUSUMA,-7.3280627,112.7092178
Genteng,Surabaya,Apotek,swasta,APOTEK HAPPY,-7.3280627,112.7092178
Genteng,Surabaya,Apotek,swasta,WATSONS PLAZA SURABAYA,-7.3280627,112.7092178
Genteng,Surabaya,Apotek,swasta,GUARDIAN SURABAYA PLAZA,-7.3280627,112.7092178
Genteng,Surabaya,Apotek,swasta,GUARDIAN GRAND CITY SURABAYA,-7.3280627,112.7092178
Genteng,Surabaya,Apotek,swasta,WATSONS GRAND CITY MALL,-7.3280627,112.7092178
Genteng,Surabaya,Toko Obat,swasta,BAN SENG TONG,-7.3280627,112.7092178
Genteng,Surabaya,Toko Obat,swasta,SUMBER JAYA,-7.3280627,112.7092178
Genteng,Surabaya,Toko Obat,swasta,SUPER INDO DELTA PLAZA,-7.3280627,112.7092178
Genteng,Surabaya,Klinik Pratama,swasta,POLIKLINIK YAYASAN PEGAWAI BANK JATIM,-7.3280627,112.7092178
Genteng,Surabaya,Klinik Pratama,swasta,Dinas Pendidikan Propinsi Jawa Timur,-7.3280627,112.7092178
Genteng,Surabaya,Klinik Pratama,swasta,SENTUHAN KASIH BANGSA,-7.3280627,112.7092178
Genteng,Surabaya,Klinik Pratama,swasta,KARYA MEDIKA 41,-7.3280627,112.7092178
Genteng,Surabaya,Klinik Pratama,swasta,SKIN INNOVATION,-7.3280627,112.7092178
Genteng,Surabaya,Klinik Pratama,swasta,GRAHA dr. YANTI,-7.3280627,112.7092178
Genteng,Surabaya,Klinik Pratama,swasta,MARIA ELIZABETH,-7.3280627,112.7092178
Genteng,Surabaya,Klinik Pratama,swasta,LAURENT'S,-7.3280627,112.7092178
Genteng,Surabaya,Klinik Pratama,swasta,ADINA MEDIKA,-7.3280627,112.7092178
Genteng,Surabaya,Klinik Pratama,swasta,KELUARGA PINTAR,-7.3280627,112.7092178
Genteng,Surabaya,Klinik Utama,swasta,EAGLES HEAD MEDICAL CENTRE,-7.3280627,112.7092178
Genteng,Surabaya,Klinik Utama,swasta,KAYOON,-7.3280627,112.7092178
Genteng,Surabaya,Klinik Utama,swasta,L' VIORS,-7.3280627,112.7092178
Genteng,Surabaya,Klinik Utama,swasta,PRIMA,-7.3280627,112.7092178
Genteng,Surabaya,Klinik Utama,swasta,GLENEAGLES,-7.3280627,112.7092178
Genteng,Surabaya,Klinik Utama,swasta,WIBOWO DENTAL CLINIC,-7.3280627,112.7092178
Genteng,Surabaya,Klinik Utama,swasta,PADMA BAHTERA,-7.3280627,112.7092178
Gubeng,Surabaya,Rumah Sakit Khusus,Kementrian Lain,RS Gigi dan Mulut FKG Universitas Airlangga,-7.2844847,112.7432514
Gubeng,Surabaya,Apotek,lainnya,KIMIA FARMA 35,-7.2844847,112.7432514
Gubeng,Surabaya,Apotek,lainnya,KIMIA FARMA KALIBOKOR,-7.2844847,112.7432514
Gubeng,Surabaya,Apotek,lainnya,KIMIA FARMA DHARMAHUSADA,-7.2844847,112.7432514
Gubeng,Surabaya,Puskesmas Induk,Pemerintah Kota,Puskesmas Mojo,-7.2844847,112.7432514
Gubeng,Surabaya,Puskesmas Induk,Pemerintah Kota,Puskesmas Pucang Sewu,-7.2844847,112.7432514
Gubeng,Surabaya,Puskesmas Pembantu (Pustu),Pemerintah Kota,Pustu Baratajaya,-7.2844847,112.7432514
Gubeng,Surabaya,Puskesmas Pembantu (Pustu),Pemerintah Kota,Pustu Gubeng Klingsingan,-7.2844847,112.7432514
Gubeng,Surabaya,Klinik Pratama,Pemerintah Kota Surabaya,BNN KOTA SURABAYA,-7.2844847,112.7432514
Gubeng,Surabaya,Rumah Sakit Khusus,Pemerintah Provinsi,RS Jiwa Menur,-7.2844847,112.7432514
Gubeng,Surabaya,Rumah Sakit Umum,Swasta,RS Umum Siloam Hospitals Surabaya,-7.2844847,112.7432514
Gubeng,Surabaya,Rumah Sakit Khusus,Swasta,RS Ibu dan Anak Pura Raharja,-7.2844847,112.7432514
Gubeng,Surabaya,Rumah Sakit Khusus,Swasta,RS Ibu dan Anak Ferina,-7.2844847,112.7432514
Gubeng,Surabaya,Apotek,swasta,ALISA,-7.2844847,112.7432514
Gubeng,Surabaya,Apotek,swasta,KIMIA FARMA 24,-7.2844847,112.7432514
Gubeng,Surabaya,Apotek,swasta,AGRIPA,-7.2844847,112.7432514
Gubeng,Surabaya,Apotek,swasta,SALMA FARMA,-7.2844847,112.7432514
Gubeng,Surabaya,Apotek,swasta,MARTURIA,-7.2844847,112.7432514
Gubeng,Surabaya,Apotek,swasta,TRIMAS,-7.2844847,112.7432514
Gubeng,Surabaya,Apotek,swasta,MENTARI FARMA,-7.2844847,112.7432514
Gubeng,Surabaya,Apotek,swasta,BHINEKA FARMA,-7.2844847,112.7432514
Gubeng,Surabaya,Apotek,swasta,ASRI FARMA,-7.2844847,112.7432514
Gubeng,Surabaya,Apotek,swasta,KALIDAMI FARMA,-7.2844847,112.7432514
Gubeng,Surabaya,Apotek,swasta,OKTA,-7.2844847,112.7432514
Gubeng,Surabaya,Apotek,swasta,SURYASARI SEJAHTERA,-7.2844847,112.7432514
Gubeng,Surabaya,Apotek,swasta,NGAGEL JAYA,-7.2844847,112.7432514
Gubeng,Surabaya,Apotek,swasta,PEMUDA,-7.2844847,112.7432514
Gubeng,Surabaya,Apotek,swasta,MULYA HUSADA,-7.2844847,112.7432514
Gubeng,Surabaya,Apotek,swasta,PUCANG,-7.2844847,112.7432514
Gubeng,Surabaya,Apotek,swasta,BAWEAN,-7.2844847,112.7432514
Gubeng,Surabaya,Apotek,swasta,MELIANA,-7.2844847,112.7432514
Gubeng,Surabaya,Apotek,swasta,DHARMAWANGSA,-7.2844847,112.7432514
Gubeng,Surabaya,Apotek,swasta,FARMASI AIRLANGGA,-7.2844847,112.7432514
Gubeng,Surabaya,Apotek,swasta,NGINDEN FARMA,-7.2844847,112.7432514
Gubeng,Surabaya,Apotek,swasta,TRIJAYA ABADI,-7.2844847,112.7432514
Gubeng,Surabaya,Apotek,swasta,K - 24 DHARMAHUSADA,-7.2844847,112.7432514
Gubeng,Surabaya,Apotek,swasta,ALIN FARMA,-7.2844847,112.7432514
Gubeng,Surabaya,Apotek,swasta,REJEKI,-7.2844847,112.7432514
Gubeng,Surabaya,Apotek,swasta,K-24 PASAR PUCANG,-7.2844847,112.7432514
Gubeng,Surabaya,Apotek,swasta,VIARA MED,-7.2844847,112.7432514
Gubeng,Surabaya,Apotek,swasta,VIVA APOTEK KALIDAMI,-7.2844847,112.7432514
Gubeng,Surabaya,Apotek,swasta,VIVA APOTEK GUBENG,-7.2844847,112.7432514
Gubeng,Surabaya,Apotek,swasta,INDOSEHAT,-7.2844847,112.7432514
Gubeng,Surabaya,Apotek,swasta,BINANGUN,-7.2844847,112.7432514
Gubeng,Surabaya,Apotek,swasta,KASIH FARMA,-7.2844847,112.7432514
Gubeng,Surabaya,Apotek,swasta,K-24 JOJORAN,-7.2844847,112.7432514
Gubeng,Surabaya,Apotek,swasta,E-MEDICA KARANG MENJANGAN,-7.2844847,112.7432514
Gubeng,Surabaya,Apotek,swasta,PROVITA,-7.2844847,112.7432514
Gubeng,Surabaya,Apotek,swasta,VIVA APOTEK PUCANG ANOM,-7.2844847,112.7432514
Gubeng,Surabaya,Apotek,swasta,pucang taman,-7.2844847,112.7432514
Gubeng,Surabaya,Apotek,swasta,POLARIS,-7.2844847,112.7432514
Gubeng,Surabaya,Apotek,swasta,TIARA MANYAR,-7.2844847,112.7432514
Gubeng,Surabaya,Toko Obat,swasta,MERIDIAN,-7.2844847,112.7432514
Gubeng,Surabaya,Toko Obat,swasta,LION SUPER INDO DHARMAHUSADA,-7.2844847,112.7432514
Gubeng,Surabaya,Toko Obat,swasta,SIERRA,-7.2844847,112.7432514
Gubeng,Surabaya,Toko Obat,swasta,TOKO OBAT BONNET SWALAYAN,-7.2844847,112.7432514
Gubeng,Surabaya,Klinik Pratama,swasta,PLK - UA KAMPUS B UNAIR,-7.2844847,112.7432514
Gubeng,Surabaya,Klinik Pratama,swasta,dr. J HEALTH AND BEAUTY CLINIC,-7.2844847,112.7432514
Gubeng,Surabaya,Klinik Pratama,swasta,65 (LXV),-7.2844847,112.7432514
Gubeng,Surabaya,Klinik Pratama,swasta,QUALITA MEDIKA,-7.2844847,112.7432514
Gubeng,Surabaya,Klinik Pratama,swasta,BULAN SABIT MERAH INDONESIA,-7.2844847,112.7432514
Gubeng,Surabaya,Klinik Pratama,swasta,SARTIKA 36,-7.2844847,112.7432514
Gubeng,Surabaya,Klinik Pratama,swasta,PRAMESWARI,-7.2844847,112.7432514
Gubeng,Surabaya,Klinik Pratama,swasta,MITRA MEDICARE,-7.2844847,112.7432514
Gubeng,Surabaya,Klinik Pratama,swasta,SANTA MARIA TAK BERCELA,-7.2844847,112.7432514
Gubeng,Surabaya,Klinik Pratama,swasta,AMANINA MEDIKA,-7.2844847,112.7432514
Gubeng,Surabaya,Klinik Pratama,swasta,KLINIK KERTAJAYA,-7.2844847,112.7432514
Gubeng,Surabaya,Klinik Pratama,swasta,RUMAH SUNATAN,-7.2844847,112.7432514
Gubeng,Surabaya,Klinik Pratama,swasta,ESTINE,-7.2844847,112.7432514
Gubeng,Surabaya,Klinik Pratama,swasta,deLovely,-7.2844847,112.7432514
Gubeng,Surabaya,Klinik Pratama,swasta,MS GLOW AESTHETIC CLINIC,-7.2844847,112.7432514
Gubeng,Surabaya,Klinik Pratama,swasta,HOUSE OF DERMALOVE SCIENCE OF BEAUTY,-7.2844847,112.7432514
Gubeng,Surabaya,Klinik Pratama,swasta,HOUSE OF HEALTHY LIVING CENTER (H2LC),-7.2844847,112.7432514
Gubeng,Surabaya,Klinik Pratama,swasta,VIV CLINIC,-7.2844847,112.7432514
Gubeng,Surabaya,Klinik Pratama,swasta,CANTIK,-7.2844847,112.7432514
Gubeng,Surabaya,Klinik Pratama,swasta,THE EMDEE SKIN CLINIC,-7.2844847,112.7432514
Gubeng,Surabaya,Klinik Pratama,swasta,NAAVAGREEN NATURAL SKINCARE,-7.2844847,112.7432514
Gubeng,Surabaya,Klinik Utama,swasta,ULTRA MEDICA,-7.2844847,112.7432514
Gubeng,Surabaya,Klinik Utama,swasta,SURABAYA SKIN CENTRE,-7.2844847,112.7432514
Gubeng,Surabaya,Klinik Utama,swasta,TRITYA,-7.2844847,112.7432514
Gubeng,Surabaya,Klinik Utama,swasta,NEURON CLINIC,-7.2844847,112.7432514
Gubeng,Surabaya,Klinik Utama,swasta,KANANI,-7.2844847,112.7432514
Gubeng,Surabaya,Klinik Utama,swasta,PARAHITA DIAGNOSTIC CENTER,-7.2844847,112.7432514
Gubeng,Surabaya,Klinik Utama,swasta,MEDICELLE,-7.2844847,112.7432514
Gubeng,Surabaya,Klinik Utama,swasta,DHARMAHUSADA PRIMER,-7.2844847,112.7432514
Gubeng,Surabaya,Klinik Utama,swasta,PRAMITA,-7.2844847,112.7432514
Gubeng,Surabaya,Klinik Utama,swasta,MAKMURI (KHUSUS WANITA & ANAK),-7.2844847,112.7432514
Gubeng,Surabaya,Klinik Utama,swasta,DERMAGICAL (KHUSUS WANITA DAN ANAK),-7.2844847,112.7432514
Gubeng,Surabaya,Klinik Utama,swasta,INDENTAL,-7.2844847,112.7432514
Gubeng,Surabaya,Rumah Sakit Umum,TNI/POLRI,RS Ibu dan Anak Bantuan 05.08.05 Surabaya,-7.2844847,112.7432514
Gunung Anyar,Surabaya,Apotek,lainnya,KIMIA FARMA 22 UPN,-7.3384129,112.7204897
Gunung Anyar,Surabaya,Puskesmas Induk,Pemerintah Kota,Puskesmas Gunung Anyar,-7.3384129,112.7204897
Gunung Anyar,Surabaya,Puskesmas Pembantu (Pustu),Pemerintah Kota,Pustu Rungkut Menanggal,-7.3384129,112.7204897
Gunung Anyar,Surabaya,Apotek,swasta,MARTINA,-7.3384129,112.7204897
Gunung Anyar,Surabaya,Apotek,swasta,DOA SEHAT,-7.3384129,112.7204897
Gunung Anyar,Surabaya,Apotek,swasta,CITRA FARMA,-7.3384129,112.7204897
Gunung Anyar,Surabaya,Apotek,swasta,STAR FARMA,-7.3384129,112.7204897
Gunung Anyar,Surabaya,Apotek,swasta,PATEN JAYA,-7.3384129,112.7204897
Gunung Anyar,Surabaya,Apotek,swasta,PURI HUSADA,-7.3384129,112.7204897
Gunung Anyar,Surabaya,Apotek,swasta,MARGUNA SEHAT,-7.3384129,112.7204897
Gunung Anyar,Surabaya,Apotek,swasta,KITA,-7.3384129,112.7204897
Gunung Anyar,Surabaya,Apotek,swasta,A GUNUNG ANYAR,-7.3384129,112.7204897
Gunung Anyar,Surabaya,Apotek,swasta,VIVA APOTEK RUNGKUT TENGAH,-7.3384129,112.7204897
Gunung Anyar,Surabaya,Apotek,swasta,JULIA,-7.3384129,112.7204897
Gunung Anyar,Surabaya,Apotek,swasta,S2,-7.3384129,112.7204897
Gunung Anyar,Surabaya,Klinik Pratama,swasta,AT - TAUFIQ,-7.3384129,112.7204897
Gunung Anyar,Surabaya,Klinik Pratama,swasta,KESEJAHTERAAN 11,-7.3384129,112.7204897
Gunung Anyar,Surabaya,Klinik Pratama,swasta,OPTIMA,-7.3384129,112.7204897
Gunung Anyar,Surabaya,Klinik Pratama,swasta,PARADISE,-7.3384129,112.7204897
Gunung Anyar,Surabaya,Klinik Pratama,swasta,SIER,-7.3384129,112.7204897
Gunung Anyar,Surabaya,Klinik Pratama,swasta,KECANTIKAN NATURA,-7.3384129,112.7204897
Gunung Anyar,Surabaya,Klinik Pratama,swasta,NURANI JAYA 83,-7.3384129,112.7204897
Gunung Anyar,Surabaya,Klinik Utama,swasta,OPTIMA,-7.3384129,112.7204897
Gunung Anyar,Surabaya,Klinik Utama,swasta,ALTAIR POLITEKNIK PELAYARAN SURABAYA,-7.3384129,112.7204897
Jambangan,Surabaya,Apotek,lainnya,KIMIA FARMA KEBONSARI,-7.3239747,112.6980679
Jambangan,Surabaya,Puskesmas Induk,Pemerintah Kota,Puskesmas Kebonsari,-7.3239747,112.6980679
Jambangan,Surabaya,Puskesmas Pembantu (Pustu),Pemerintah Kota,Pustu Jambangan,-7.3239747,112.6980679
Jambangan,Surabaya,Puskesmas Pembantu (Pustu),Pemerintah Kota,Pustu Karah,-7.3239747,112.6980679
Jambangan,Surabaya,Puskesmas Pembantu (Pustu),Pemerintah Kota,Pustu Ketintang,-7.3239747,112.6980679
Jambangan,Surabaya,Puskesmas Pembantu (Pustu),Pemerintah Kota,Pustu Pagesangan,-7.3239747,112.6980679
Jambangan,Surabaya,Rumah Sakit Khusus,Swasta,RS Ibu dan Anak Cempaka Putih Permata,-7.3239747,112.6980679
Jambangan,Surabaya,Apotek,swasta,JAMBANGAN,-7.3239747,112.6980679
Jambangan,Surabaya,Apotek,swasta,KEBONSARI,-7.3239747,112.6980679
Jambangan,Surabaya,Apotek,swasta,K - 24 KEBONSARI,-7.3239747,112.6980679
Jambangan,Surabaya,Apotek,swasta,UMI,-7.3239747,112.6980679
Jambangan,Surabaya,Apotek,swasta,K-24 KARAH,-7.3239747,112.6980679
Jambangan,Surabaya,Apotek,swasta,ALTHA,-7.3239747,112.6980679
Jambangan,Surabaya,Apotek,swasta,9 Bintang Farma,-7.3239747,112.6980679
Jambangan,Surabaya,Klinik Pratama,swasta,ST. VINCENTIUS A PAULO (KARAH),-7.3239747,112.6980679
Jambangan,Surabaya,Klinik Pratama,swasta,BK 10,-7.3239747,112.6980679
Karang Pilang,Surabaya,Klinik Pratama,lainnya,SUTEDI SENAPUTRA,-7.3320941,112.6502361
Karang Pilang,Surabaya,Puskesmas Induk,Pemerintah Kota,Puskesmas Kedurus,-7.3320941,112.6502361
Karang Pilang,Surabaya,Puskesmas Pembantu (Pustu),Pemerintah Kota,Pustu Kebraon,-7.3320941,112.6502361
Karang Pilang,Surabaya,Puskesmas Pembantu (Pustu),Pemerintah Kota,Pustu Warugunung,-7.3320941,112.6502361
Karang Pilang,Surabaya,Apotek,swasta,PALAPA JAYA,-7.3320941,112.6502361
Karang Pilang,Surabaya,Apotek,swasta,DERY FARMA,-7.3320941,112.6502361
Karang Pilang,Surabaya,Apotek,swasta,K 3,-7.3320941,112.6502361
Karang Pilang,Surabaya,Apotek,swasta,VIVA GENERIK GRIYA KEBRAON,-7.3320941,112.6502361
Karang Pilang,Surabaya,Apotek,swasta,PUSPASARI KEDURUS,-7.3320941,112.6502361
Karang Pilang,Surabaya,Apotek,swasta,K24 MASTRIP,-7.3320941,112.6502361
Karang Pilang,Surabaya,Apotek,swasta,INDERA,-7.3320941,112.6502361
Karang Pilang,Surabaya,Toko Obat,swasta,LOTTE SHOPPING INDONESIA,-7.3320941,112.6502361
Karang Pilang,Surabaya,Toko Obat,swasta,SUPER INDO MASTRIP,-7.3320941,112.6502361
Karang Pilang,Surabaya,Klinik Pratama,swasta,SARTIKA 44,-7.3320941,112.6502361
Karang Pilang,Surabaya,Klinik Pratama,swasta,PUTRI RAHAYU,-7.3320941,112.6502361
Karang Pilang,Surabaya,Klinik Pratama,swasta,NAYAKA HUSADA KEBRAON,-7.3320941,112.6502361
Karang Pilang,Surabaya,Klinik Pratama,swasta,PHC KEBRAON,-7.3320941,112.6502361
Kenjeran,Surabaya,Puskesmas Induk,Pemerintah Kota,Puskesmas Bulak Banteng,-7.2163132,112.7543833
Kenjeran,Surabaya,Puskesmas Induk,Pemerintah Kota,Puskesmas Sidotopo Wetan,-7.2163132,112.7543833
Kenjeran,Surabaya,Puskesmas Induk,Pemerintah Kota,Puskesmas Tambak Wedi,-7.2163132,112.7543833
Kenjeran,Surabaya,Puskesmas Induk,Pemerintah Kota,Puskesmas Tanah Kali Kedinding,-7.2163132,112.7543833
Kenjeran,Surabaya,Puskesmas Pembantu (Pustu),Pemerintah Kota,Pustu Tanah Kali Kedinding,-7.2163132,112.7543833
Kenjeran,Surabaya,Apotek,swasta,NINDYA,-7.2163132,112.7543833
Kenjeran,Surabaya,Apotek,swasta,ALQI,-7.2163132,112.7543833
Kenjeran,Surabaya,Apotek,swasta,RAFA FARMA,-7.2163132,112.7543833
Kenjeran,Surabaya,Apotek,swasta,VIVA APOTEK RANDU INDAH,-7.2163132,112.7543833
Kenjeran,Surabaya,Apotek,swasta,ADITARA 2,-7.2163132,112.7543833
Kenjeran,Surabaya,Apotek,swasta,NAHDA FARMA,-7.2163132,112.7543833
Kenjeran,Surabaya,Apotek,swasta,AMAJING IAN,-7.2163132,112.7543833
Kenjeran,Surabaya,Apotek,swasta,RAFA FARMA 2,-7.2163132,112.7543833
Kenjeran,Surabaya,Apotek,swasta,RANDU FARMA,-7.2163132,112.7543833
Kenjeran,Surabaya,Apotek,swasta,AZZAM FARMA,-7.2163132,112.7543833
Kenjeran,Surabaya,Apotek,swasta,K-24 POGOT,-7.2163132,112.7543833
Kenjeran,Surabaya,Apotek,swasta,K - 24 SIDOTOPO WETAN,-7.2163132,112.7543833
Kenjeran,Surabaya,Apotek,swasta,TANSAH SEHAT FARMA,-7.2163132,112.7543833
Kenjeran,Surabaya,Apotek,swasta,K-24 KEDINDING LOR,-7.2163132,112.7543833
Kenjeran,Surabaya,Klinik Pratama,swasta,AL FITHRAH,-7.2163132,112.7543833
Kenjeran,Surabaya,Klinik Pratama,swasta,WONOSARI,-7.2163132,112.7543833
Kenjeran,Surabaya,Klinik Utama,swasta,SRI HARTI SOEROSO,-7.2163132,112.7543833
Krembangan,Surabaya,Puskesmas Induk,Pemerintah Kota,Puskesmas Dupak,-7.2271598,112.7069053
Krembangan,Surabaya,Puskesmas Induk,Pemerintah Kota,Puskesmas Krembangan Selatan,-7.2271598,112.7069053
Krembangan,Surabaya,Puskesmas Induk,Pemerintah Kota,Puskesmas Morokrembangan,-7.2271598,112.7069053
Krembangan,Surabaya,Puskesmas Pembantu (Pustu),Pemerintah Kota,Pustu Krembangan Baru,-7.2271598,112.7069053
Krembangan,Surabaya,Apotek,swasta,TIGA DUA LIMA,-7.2271598,112.7069053
Krembangan,Surabaya,Apotek,swasta,ADI FARMA,-7.2271598,112.7069053
Krembangan,Surabaya,Apotek,swasta,SHERWIN,-7.2271598,112.7069053
Krembangan,Surabaya,Apotek,swasta,OKKY,-7.2271598,112.7069053
Krembangan,Surabaya,Apotek,swasta,SIAGA MUSTIKA RAHAYU,-7.2271598,112.7069053
Krembangan,Surabaya,Apotek,swasta,LAYZA FARMA,-7.2271598,112.7069053
Krembangan,Surabaya,Klinik Pratama,swasta,RAJAWALI,-7.2271598,112.7069053
Krembangan,Surabaya,Klinik Pratama,swasta,KELSAPA,-7.2271598,112.7069053
Krembangan,Surabaya,Klinik Pratama,swasta,SANTA ANNA,-7.2271598,112.7069053
Krembangan,Surabaya,Klinik Pratama,swasta,NAYAKA HUSADA 01,-7.2271598,112.7069053
Krembangan,Surabaya,Klinik Pratama,swasta,AL - AZHAR,-7.2271598,112.7069053
Krembangan,Surabaya,Klinik Utama,swasta,PRAMITA,-7.2271598,112.7069053
Krembangan,Surabaya,Klinik Utama,swasta,SPEKTRUM,-7.2271598,112.7069053
Krembangan,Surabaya,Klinik Pratama,TNI/POLRI,POLRESTABES SURABAYA,-7.2271598,112.7069053
Krembangan,Surabaya,Klinik Pratama,TNI/POLRI,SUBDITKES AAL,-7.2271598,112.7069053
Krembangan,Surabaya,Klinik Pratama,TNI/POLRI,SATBRIMOB POLDA JATIM,-7.2271598,112.7069053
Krembangan,Surabaya,Klinik Pratama,TNI/POLRI,SATKES KODIKLATAL,-7.2271598,112.7069053
Krembangan,Surabaya,Klinik Pratama,TNI/POLRI,BHAYANGKARA M. DAHLAN,-7.2271598,112.7069053
Lakarsantri,Surabaya,Apotek,lainnya,KIMIA FARMA G WALK,-7.2271598,112.7069053
Lakarsantri,Surabaya,Apotek,lainnya,KIMIA FARMA 459,-7.2271598,112.7069053
Lakarsantri,Surabaya,Puskesmas Induk,Pemerintah Kota,Puskesmas Bangkingan,-7.2271598,112.7069053
Lakarsantri,Surabaya,Puskesmas Induk,Pemerintah Kota,Puskesmas Jeruk,-7.2271598,112.7069053
Lakarsantri,Surabaya,Puskesmas Induk,Pemerintah Kota,Puskesmas Lidah Kulon,-7.2271598,112.7069053
Lakarsantri,Surabaya,Rumah Sakit Khusus,Swasta,RS Orthopedi dan Traumatologi Surabaya,-7.2271598,112.7069053
Lakarsantri,Surabaya,Apotek,swasta,WANGI,-7.2271598,112.7069053
Lakarsantri,Surabaya,Apotek,swasta,SUKSES,-7.2271598,112.7069053
Lakarsantri,Surabaya,Apotek,swasta,KIMMY,-7.2271598,112.7069053
Lakarsantri,Surabaya,Apotek,swasta,HIKMAH,-7.2271598,112.7069053
Lakarsantri,Surabaya,Apotek,swasta,DIAH FARMA,-7.2271598,112.7069053
Lakarsantri,Surabaya,Apotek,swasta,K - 24 MANUKAN TAMA,-7.2271598,112.7069053
Lakarsantri,Surabaya,Apotek,swasta,d18,-7.2271598,112.7069053
Lakarsantri,Surabaya,Apotek,swasta,SRIKAYA,-7.2271598,112.7069053
Lakarsantri,Surabaya,Apotek,swasta,SEHATI,-7.2271598,112.7069053
Lakarsantri,Surabaya,Apotek,swasta,WATSONS SUPERMALL PAKUWON,-7.2271598,112.7069053
Lakarsantri,Surabaya,Apotek,swasta,BOSTON HEALTH & BEAUTY,-7.2271598,112.7069053
Lakarsantri,Surabaya,Apotek,swasta,DWI,-7.2271598,112.7069053
Lakarsantri,Surabaya,Apotek,swasta,UTAMA,-7.2271598,112.7069053
Lakarsantri,Surabaya,Apotek,swasta,K-24 LIDAH WETAN,-7.2271598,112.7069053
Lakarsantri,Surabaya,Apotek,swasta,K-24 LAKARSANTRI,-7.2271598,112.7069053
Lakarsantri,Surabaya,Apotek,swasta,W,-7.2271598,112.7069053
Lakarsantri,Surabaya,Toko Obat,swasta,SUPER INDO CITRALAND SQUARE,-7.2271598,112.7069053
Lakarsantri,Surabaya,Klinik Pratama,swasta,SUPER SKIN,-7.2271598,112.7069053
Lakarsantri,Surabaya,Klinik Pratama,swasta,ERHA SKIN MENGANTI,-7.2271598,112.7069053
Lakarsantri,Surabaya,Klinik Pratama,swasta,NEW LIFE,-7.2271598,112.7069053
Lakarsantri,Surabaya,Klinik Pratama,swasta,GLOBAL SEJAHTERA ABADA 3,-7.2271598,112.7069053
Lakarsantri,Surabaya,Klinik Pratama,swasta,LUMINAIRE,-7.2271598,112.7069053
Lakarsantri,Surabaya,Klinik Utama,swasta,IDAF HUSADA,-7.2271598,112.7069053
Lakarsantri,Surabaya,Klinik Utama,swasta,MIRACLE AESTHETIC CLINIC,-7.2271598,112.7069053
Mulyorejo,Surabaya,Rumah Sakit Umum,Kementrian Lain,RS Universitas Airlangga,-7.2686064,112.7213797
Mulyorejo,Surabaya,Apotek,lainnya,KIMIA FARMA HEALTH AND BEAUTY PAKUWON CITY,-7.2686064,112.7213797
Mulyorejo,Surabaya,Puskesmas Induk,Pemerintah Kota,Puskesmas Kalijudan,-7.2686064,112.7213797
Mulyorejo,Surabaya,Puskesmas Induk,Pemerintah Kota,Puskesmas Mulyorejo,-7.2686064,112.7213797
Mulyorejo,Surabaya,Puskesmas Pembantu (Pustu),Pemerintah Kota,Pustu Sutorejo,-7.2686064,112.7213797
Mulyorejo,Surabaya,Puskesmas Pembantu (Pustu),Pemerintah Kota,Pustu Mulyorejo / wisma permai,-7.2686064,112.7213797
Mulyorejo,Surabaya,Rumah Sakit Umum,Swasta,RS Manyar Medical Centre,-7.2686064,112.7213797
Mulyorejo,Surabaya,Rumah Sakit Khusus,Swasta,RS Ibu dan Anak Kendangsari Merr,-7.2686064,112.7213797
Mulyorejo,Surabaya,Rumah Sakit Umum,Swasta,RS Mitra Keluarga Kenjeran,-7.2686064,112.7213797
Mulyorejo,Surabaya,Apotek,swasta,MULYOREJO,-7.2686064,112.7213797
Mulyorejo,Surabaya,Apotek,swasta,MUSTAJAB,-7.2686064,112.7213797
Mulyorejo,Surabaya,Apotek,swasta,BAGIANA,-7.2686064,112.7213797
Mulyorejo,Surabaya,Apotek,swasta,ALBA MEDIKA,-7.2686064,112.7213797
Mulyorejo,Surabaya,Apotek,swasta,JEFARMA,-7.2686064,112.7213797
Mulyorejo,Surabaya,Apotek,swasta,CHRIST,-7.2686064,112.7213797
Mulyorejo,Surabaya,Apotek,swasta,GUARDIAN SHOP IN GALAXY MALL,-7.2686064,112.7213797
Mulyorejo,Surabaya,Apotek,swasta,FAMILY FARMA,-7.2686064,112.7213797
Mulyorejo,Surabaya,Apotek,swasta,K - 24 MULYOSARI,-7.2686064,112.7213797
Mulyorejo,Surabaya,Apotek,swasta,XION,-7.2686064,112.7213797
Mulyorejo,Surabaya,Apotek,swasta,PRISKA,-7.2686064,112.7213797
Mulyorejo,Surabaya,Apotek,swasta,VITO,-7.2686064,112.7213797
Mulyorejo,Surabaya,Apotek,swasta,IBECA FARMA,-7.2686064,112.7213797
Mulyorejo,Surabaya,Apotek,swasta,HAVANDI,-7.2686064,112.7213797
Mulyorejo,Surabaya,Apotek,swasta,CINDI,-7.2686064,112.7213797
Mulyorejo,Surabaya,Apotek,swasta,FITRIN,-7.2686064,112.7213797
Mulyorejo,Surabaya,Apotek,swasta,SMILE PLUS,-7.2686064,112.7213797
Mulyorejo,Surabaya,Apotek,swasta,KEISSA,-7.2686064,112.7213797
Mulyorejo,Surabaya,Apotek,swasta,XAVIER,-7.2686064,112.7213797
Mulyorejo,Surabaya,Apotek,swasta,K - 24 MERR KALIJUDAN,-7.2686064,112.7213797
Mulyorejo,Surabaya,Apotek,swasta,MUJUR SURYA,-7.2686064,112.7213797
Mulyorejo,Surabaya,Apotek,swasta,MELISA FARMA,-7.2686064,112.7213797
Mulyorejo,Surabaya,Apotek,swasta,ELHA,-7.2686064,112.7213797
Mulyorejo,Surabaya,Apotek,swasta,WATSONS EAST COST,-7.2686064,112.7213797
Mulyorejo,Surabaya,Apotek,swasta,ENGGAL HUSADA,-7.2686064,112.7213797
Mulyorejo,Surabaya,Apotek,swasta,UNI MEDIKA,-7.2686064,112.7213797
Mulyorejo,Surabaya,Apotek,swasta,WATSONS GALAXY MALL SURABAYA,-7.2686064,112.7213797
Mulyorejo,Surabaya,Apotek,swasta,GUARDIAN GALAXY MALL 3,-7.2686064,112.7213797
Mulyorejo,Surabaya,Apotek,swasta,AIRDAS FARMA,-7.2686064,112.7213797
Mulyorejo,Surabaya,Apotek,swasta,WATSONS GALAX MALL 2,-7.2686064,112.7213797
Mulyorejo,Surabaya,Apotek,swasta,36 Merr,-7.2686064,112.7213797
Mulyorejo,Surabaya,Toko Obat,swasta,INTISARI,-7.2686064,112.7213797
Mulyorejo,Surabaya,Toko Obat,swasta,ZHONG YAO,-7.2686064,112.7213797
Mulyorejo,Surabaya,Toko Obat,swasta,BOSTON HEALTH & BEAUTY ECC,-7.2686064,112.7213797
Mulyorejo,Surabaya,Toko Obat,swasta,SUPERINDO KERTAJAYA,-7.2686064,112.7213797
Mulyorejo,Surabaya,Toko Obat,swasta,Hypermart ECC,-7.2686064,112.7213797
Mulyorejo,Surabaya,Toko Obat,swasta,Super Indo Central Park,-7.2686064,112.7213797
Mulyorejo,Surabaya,Toko Obat,swasta,GUARDIAN EAST COST,-7.2686064,112.7213797
Mulyorejo,Surabaya,Toko Obat,swasta,RANCH MARKET,-7.2686064,112.7213797
Mulyorejo,Surabaya,Klinik Pratama,swasta,PLK - UA KAMPUS C UNAIR,-7.2686064,112.7213797
Mulyorejo,Surabaya,Klinik Pratama,swasta,DOKTER AYOMAN KELUARGA,-7.2686064,112.7213797
Mulyorejo,Surabaya,Klinik Pratama,swasta,ABDI MULIA,-7.2686064,112.7213797
Mulyorejo,Surabaya,Klinik Pratama,swasta,dr. Subur Prajitno,-7.2686064,112.7213797
Mulyorejo,Surabaya,Klinik Pratama,swasta,YAYASAN SOSIAL ABDIHUSADA UTAMA,-7.2686064,112.7213797
Mulyorejo,Surabaya,Klinik Pratama,swasta,ZAP GALAKSI,-7.2686064,112.7213797
Mulyorejo,Surabaya,Klinik Pratama,swasta,SKIDENT AESTHETIC CENTER,-7.2686064,112.7213797
Mulyorejo,Surabaya,Klinik Pratama,swasta,ANF,-7.2686064,112.7213797
Mulyorejo,Surabaya,Klinik Pratama,swasta,LONDON BEAUTY CENTRE,-7.2686064,112.7213797
Mulyorejo,Surabaya,Klinik Pratama,swasta,BIOTECH,-7.2686064,112.7213797
Mulyorejo,Surabaya,Klinik Utama,swasta,3D CLINIC,-7.2686064,112.7213797
Mulyorejo,Surabaya,Klinik Utama,swasta,MEDIKA UTAMA 2,-7.2686064,112.7213797
Mulyorejo,Surabaya,Klinik Utama,swasta,WIDJAJA ASTHMA CENTRE,-7.2686064,112.7213797
Mulyorejo,Surabaya,Klinik Utama,swasta,SHINY SMILE DENTAL CLINIC,-7.2686064,112.7213797
Mulyorejo,Surabaya,Klinik Utama,swasta,SAYANG DIAGNOSTIC CENTER,-7.2686064,112.7213797
Mulyorejo,Surabaya,Klinik Utama,swasta,PRAMITA,-7.2686064,112.7213797
Mulyorejo,Surabaya,Klinik Utama,swasta,MIRACLE AESTHETIC CLINIC,-7.2686064,112.7213797
Mulyorejo,Surabaya,Klinik Utama,swasta,ORTHO PLUS,-7.2686064,112.7213797
Mulyorejo,Surabaya,Klinik Utama,swasta,PROFIRA,-7.2686064,112.7213797
Mulyorejo,Surabaya,Klinik Utama,swasta,ERHA APOTHECARY GALAXY MALL,-7.2686064,112.7213797
Mulyorejo,Surabaya,Klinik Utama,swasta,NATIONAL EYE CENTER,-7.2686064,112.7213797
Mulyorejo,Surabaya,Klinik Utama,swasta,NUSANTARA MEDIKA,-7.2686064,112.7213797
Mulyorejo,Surabaya,Klinik Utama,swasta,VISION EYE CLINIC,-7.2686064,112.7213797
Mulyorejo,Surabaya,Klinik Utama,swasta,PARAHITA DIAGNOSTIC CENTER,-7.2686064,112.7213797
Mulyorejo,Surabaya,Klinik Utama,swasta,TETA,-7.2686064,112.7213797
Mulyorejo,Surabaya,Klinik Utama,swasta,MITRA HUSADA,-7.2686064,112.7213797
Pabean Cantian,Surabaya,Rumah Sakit Umum,BUMN,RS Primasatya Husada Citra (PHC) Surabaya,-7.2222887,112.7150563
Pabean Cantian,Surabaya,Apotek,lainnya,KIMIA FARMA NO.304,-7.2222887,112.7150563
Pabean Cantian,Surabaya,Puskesmas Induk,Pemerintah Kota,Puskesmas Perak Timur,-7.2222887,112.7150563
Pabean Cantian,Surabaya,Puskesmas Pembantu (Pustu),Pemerintah Kota,Pustu Bongkaran,-7.2222887,112.7150563
Pabean Cantian,Surabaya,Puskesmas Pembantu (Pustu),Pemerintah Kota,Pustu Nyamplungan,-7.2222887,112.7150563
Pabean Cantian,Surabaya,Puskesmas Pembantu (Pustu),Pemerintah Kota,Pustu Perak Barat,-7.2222887,112.7150563
Pabean Cantian,Surabaya,Rumah Sakit Umum,Swasta,RS PKU Muhammadiyah Surabaya,-7.2222887,112.7150563
Pabean Cantian,Surabaya,Rumah Sakit Umum,Swasta,RS Umum Al-Irsyad Surabaya,-7.2222887,112.7150563
Pabean Cantian,Surabaya,Apotek,swasta,AN JAYA,-7.2222887,112.7150563
Pabean Cantian,Surabaya,Apotek,swasta,BUNGURAN,-7.2222887,112.7150563
Pabean Cantian,Surabaya,Apotek,swasta,ATUM FARMA,-7.2222887,112.7150563
Pabean Cantian,Surabaya,Apotek,swasta,IBUNDA,-7.2222887,112.7150563
Pabean Cantian,Surabaya,Apotek,swasta,BERLIN,-7.2222887,112.7150563
Pabean Cantian,Surabaya,Apotek,swasta,8 ( DELAPAN ),-7.2222887,112.7150563
Pabean Cantian,Surabaya,Apotek,swasta,BERLIN 2,-7.2222887,112.7150563
Pabean Cantian,Surabaya,Apotek,swasta,SAMPURNA FARMA,-7.2222887,112.7150563
Pabean Cantian,Surabaya,Apotek,swasta,SINAR BAHAGIA,-7.2222887,112.7150563
Pabean Cantian,Surabaya,Apotek,swasta,BERKAH MAKMUR,-7.2222887,112.7150563
Pabean Cantian,Surabaya,Apotek,swasta,K24 Kopelindo 3,-7.2222887,112.7150563
Pabean Cantian,Surabaya,Toko Obat,swasta,SARI WARAS,-7.2222887,112.7150563
Pabean Cantian,Surabaya,Toko Obat,swasta,MANDARIN,-7.2222887,112.7150563
Pabean Cantian,Surabaya,Toko Obat,swasta,ASEAN,-7.2222887,112.7150563
Pabean Cantian,Surabaya,Toko Obat,swasta,SAUDARA,-7.2222887,112.7150563
Pabean Cantian,Surabaya,Toko Obat,swasta,SAHABAT KITA JAYA,-7.2222887,112.7150563
Pabean Cantian,Surabaya,Toko Obat,swasta,SAUDARA ONLINE,-7.2222887,112.7150563
Pabean Cantian,Surabaya,Toko Obat,swasta,BIE,-7.2222887,112.7150563
Pabean Cantian,Surabaya,Toko Obat,swasta,MANDARIN 2,-7.2222887,112.7150563
Pabean Cantian,Surabaya,Klinik Pratama,swasta,SEBU,-7.2222887,112.7150563
Pabean Cantian,Surabaya,Klinik Utama,swasta,WIBOWO DENTAL CLINIC,-7.2222887,112.7150563
Pabean Cantian,Surabaya,Klinik Utama,swasta,OILIA,-7.2222887,112.7150563
Pabean Cantian,Surabaya,Rumah Sakit Umum,TNI/POLRI,RS TNI AL Dr. Oepomo,-7.2222887,112.7150563
Pabean Cantian,Surabaya,Klinik Pratama,TNI/POLRI,POLRES PELABUHAN TANJUNG PERAK,-7.2222887,112.7150563
Pakal,Surabaya,Puskesmas Induk,Pemerintah Kota,Puskesmas Benowo,-7.2318257,112.5794528
Pakal,Surabaya,Puskesmas Pembantu (Pustu),Pemerintah Kota,Pustu Babat Jerawat,-7.2318257,112.5794528
Pakal,Surabaya,Puskesmas Pembantu (Pustu),Pemerintah Kota,Pustu Pakal,-7.2318257,112.5794528
Pakal,Surabaya,Puskesmas Pembantu (Pustu),Pemerintah Kota,Pustu Sumber Rejo,-7.2318257,112.5794528
Pakal,Surabaya,Puskesmas Pembantu (Pustu),Pemerintah Kota,Pustu Tambak Dono,-7.2318257,112.5794528
Pakal,Surabaya,Rumah Sakit Umum,Swasta,RS Islam Darus Syifa,-7.2318257,112.5794528
Pakal,Surabaya,Apotek,swasta,BENOWO FARMA,-7.2318257,112.5794528
pakal,Surabaya,Apotek,swasta,APP 3 PAKAL,-7.2318257,112.5794528
Pakal,Surabaya,Klinik Utama,swasta,3D CLINIC,-7.2318257,112.5794528
Rungkut,Surabaya,Apotek,lainnya,KIMIA FARMA PANDUGO,-7.3165016,112.7840058
Rungkut,Surabaya,Apotek,lainnya,KIMIA FARMA 526 RUNGKUT,-7.3165016,112.7840058
Rungkut,Surabaya,Puskesmas Induk,Pemerintah Kota,Puskesmas Kalirungkut,-7.3165016,112.7840058
Rungkut,Surabaya,Puskesmas Induk,Pemerintah Kota,Puskesmas Medokan Ayu,-7.3165016,112.7840058
Rungkut,Surabaya,Puskesmas Pembantu (Pustu),Pemerintah Kota,Pustu Medokan Ayu,-7.3165016,112.7840058
Rungkut,Surabaya,Puskesmas Pembantu (Pustu),Pemerintah Kota,Pustu Penjaringan Sari,-7.3165016,112.7840058
Rungkut,Surabaya,Puskesmas Pembantu (Pustu),Pemerintah Kota,Pustu Rungkut Kidul,-7.3165016,112.7840058
Rungkut,Surabaya,Rumah Sakit Umum,Swasta,RS Umum Royal Surabaya,-7.3165016,112.7840058
Rungkut,Surabaya,Apotek,swasta,SETIABUDI,-7.3165016,112.7840058
Rungkut,Surabaya,Apotek,swasta,SIDO WARAS,-7.3165016,112.7840058
Rungkut,Surabaya,Apotek,swasta,VALENTINO,-7.3165016,112.7840058
Rungkut,Surabaya,Apotek,swasta,JIREH,-7.3165016,112.7840058
Rungkut,Surabaya,Apotek,swasta,ELLY,-7.3165016,112.7840058
Rungkut,Surabaya,Apotek,swasta,GOHLIS,-7.3165016,112.7840058
Rungkut,Surabaya,Apotek,swasta,DANDE FARMA,-7.3165016,112.7840058
Rungkut,Surabaya,Apotek,swasta,CENTRO,-7.3165016,112.7840058
Rungkut,Surabaya,Apotek,swasta,JESA INTI FARMA,-7.3165016,112.7840058
Rungkut,Surabaya,Apotek,swasta,TAKAVI,-7.3165016,112.7840058
Rungkut,Surabaya,Apotek,swasta,MEDAYU FARMA,-7.3165016,112.7840058
Rungkut,Surabaya,Apotek,swasta,ARDILA,-7.3165016,112.7840058
Rungkut,Surabaya,Apotek,swasta,VIVA GENERIK KEDUNG ASEM,-7.3165016,112.7840058
Rungkut,Surabaya,Apotek,swasta,CENDRAWASIH,-7.3165016,112.7840058
Rungkut,Surabaya,Apotek,swasta,VIVA GENERIK MEDOKAN SAWAH,-7.3165016,112.7840058
Rungkut,Surabaya,Apotek,swasta,K - 24 RUNGKUT ASRI,-7.3165016,112.7840058
Rungkut,Surabaya,Apotek,swasta,JECONIA,-7.3165016,112.7840058
Rungkut,Surabaya,Apotek,swasta,HASIL,-7.3165016,112.7840058
Rungkut,Surabaya,Apotek,swasta,VIVA APOTEK WONOREJO SELATAN,-7.3165016,112.7840058
Rungkut,Surabaya,Apotek,swasta,MEGA RAYA,-7.3165016,112.7840058
Rungkut,Surabaya,Apotek,swasta,K 24 RUNGKUT MADYA,-7.3165016,112.7840058
Rungkut,Surabaya,Apotek,swasta,SAHABAT MEDIKA,-7.3165016,112.7840058
Rungkut,Surabaya,Apotek,swasta,VIVA APOTEK RUNGKUT MEJOYO,-7.3165016,112.7840058
Rungkut,Surabaya,Apotek,swasta,K-24 MEDOKAN AYU,-7.3165016,112.7840058
Rungkut,Surabaya,Apotek,swasta,DASSA ALPHA,-7.3165016,112.7840058
Rungkut,Surabaya,Apotek,swasta,FORA MEDICAL,-7.3165016,112.7840058
Rungkut,Surabaya,Apotek,swasta,MEI FARMA,-7.3165016,112.7840058
Rungkut,Surabaya,Apotek,swasta,K24 Tenggilis,-7.3165016,112.7840058
Rungkut,Surabaya,Apotek,swasta,Rungkut Sehat,-7.3165016,112.7840058
Rungkut,Surabaya,Apotek,swasta,Rungkut,-7.3165016,112.7840058
Rungkut,Surabaya,Toko Obat,swasta,toko Obat PT. Trans Retail Indonesia Cabang Transmart Carrefour Rungkut Surabaya,-7.3165016,112.7840058
Rungkut,Surabaya,Toko Obat,swasta,Super Indo Rungkut,-7.3165016,112.7840058
Rungkut,Surabaya,Toko Obat,swasta,BERKAT WAHYU,-7.3165016,112.7840058
Rungkut,Surabaya,Klinik Pratama,swasta,WIDYA MANDIRI,-7.3165016,112.7840058
Rungkut,Surabaya,Klinik Pratama,swasta,dr. EKO,-7.3165016,112.7840058
Rungkut,Surabaya,Klinik Pratama,swasta,PT. HM Sampoerna Tbk,-7.3165016,112.7840058
Rungkut,Surabaya,Klinik Pratama,swasta,CITA HUSADA,-7.3165016,112.7840058
Rungkut,Surabaya,Klinik Pratama,swasta,PT.HM Sampoerna Tbk,-7.3165016,112.7840058
Rungkut,Surabaya,Klinik Pratama,swasta,YAYUK ISMAIL,-7.3165016,112.7840058
Rungkut,Surabaya,Klinik Pratama,swasta,PT. UNILEVER INDONESIA Tbk,-7.3165016,112.7840058
Rungkut,Surabaya,Klinik Pratama,swasta,D'ESTHETICO,-7.3165016,112.7840058
Rungkut,Surabaya,Klinik Pratama,swasta,UBAYA,-7.3165016,112.7840058
Rungkut,Surabaya,Klinik Pratama,swasta,NAYAKA HUSADA 42,-7.3165016,112.7840058
Rungkut,Surabaya,Klinik Pratama,swasta,dr. NICE,-7.3165016,112.7840058
Rungkut,Surabaya,Klinik Pratama,swasta,MEDIKA PRADHANA,-7.3165016,112.7840058
Rungkut,Surabaya,Klinik Pratama,swasta,MICHELLE,-7.3165016,112.7840058
Rungkut,Surabaya,Klinik Pratama,swasta,SUPER SKIN,-7.3165016,112.7840058
Rungkut,Surabaya,Klinik Pratama,swasta,ROYAL CLINIC MERR,-7.3165016,112.7840058
Rungkut,Surabaya,Klinik Pratama,swasta,DELOVELY RUNGKUT,-7.3165016,112.7840058
Rungkut,Surabaya,Klinik Pratama,swasta,KESAYANGAN,-7.3165016,112.7840058
Rungkut,Surabaya,Klinik Utama,swasta,PUSURA RUNGKUT,-7.3165016,112.7840058
Rungkut,Surabaya,Klinik Utama,swasta,dr. HARYO Eye Care,-7.3165016,112.7840058
Rungkut,Surabaya,Klinik Utama,swasta,ANARE,-7.3165016,112.7840058
Rungkut,Surabaya,Klinik Utama,swasta,CT KLINIK,-7.3165016,112.7840058
Sambikerep,Surabaya,Puskesmas Induk,Pemerintah Kota,Puskesmas Lontar,-7.2751169,112.5835175
Sambikerep,Surabaya,Puskesmas Induk,Pemerintah Kota,Puskesmas Made,-7.2751169,112.5835175
Sambikerep,Surabaya,Rumah Sakit Khusus,Swasta,RS Ibu dan Anak Nur Ummi Numbi,-7.2751169,112.5835175
Sambikerep,Surabaya,Rumah Sakit Khusus,Swasta,RS Ibu dan Anak Lombok Dua Dua Lontar,-7.2751169,112.5835175
Sambikerep,Surabaya,Apotek,swasta,TENGGER 3,-7.2751169,112.5835175
Sambikerep,Surabaya,Apotek,swasta,GLORY,-7.2751169,112.5835175
Sambikerep,Surabaya,Apotek,swasta,GEMMA FARMA,-7.2751169,112.5835175
Sambikerep,Surabaya,Apotek,swasta,BRINGIN INDAH,-7.2751169,112.5835175
Sambikerep,Surabaya,Apotek,swasta,TIARA CITRA RAYA,-7.2751169,112.5835175
Sambikerep,Surabaya,Apotek,swasta,VIVA GENERIK BUMI INDAH,-7.2751169,112.5835175
Sambikerep,Surabaya,Apotek,swasta,SAMBIKEREP,-7.2751169,112.5835175
Sambikerep,Surabaya,Apotek,swasta,APP 2 LONTAR,-7.2751169,112.5835175
Sambikerep,Surabaya,Apotek,swasta,AQILAH,-7.2751169,112.5835175
Sambikerep,Surabaya,Apotek,swasta,MANUKAN,-7.2751169,112.5835175
Sambikerep,Surabaya,Apotek,swasta,RODISON,-7.2751169,112.5835175
Sambikerep,Surabaya,Apotek,swasta,ANUGERAH MEDIKA,-7.2751169,112.5835175
Sambikerep,Surabaya,Apotek,swasta,UTAMA SAMBIKEREP,-7.2751169,112.5835175
Sambikerep,Surabaya,Apotek,swasta,K24 LONTAR,-7.2751169,112.5835175
Sambikerep,Surabaya,Toko Obat,swasta,HYPERMART SUPERMALL PAKUWON INDAH,-7.2751169,112.5835175
Sambikerep,Surabaya,Toko Obat,swasta,BAROKAH,-7.2751169,112.5835175
Sambikerep,Surabaya,Klinik Pratama,swasta,"POLY ""PT. PAKUWON PERMAI""",-7.2751169,112.5835175
Sambikerep,Surabaya,Klinik Pratama,swasta,ERHA APOTHECARY,-7.2751169,112.5835175
Sambikerep,Surabaya,Klinik Pratama,swasta,CAHAYA DAMAI,-7.2751169,112.5835175
Sambikerep,Surabaya,Klinik Pratama,swasta,MEDPOINT,-7.2751169,112.5835175
Sambikerep,Surabaya,Klinik Pratama,swasta,MIFTACHUL MUNIR MEDIKA,-7.2751169,112.5835175
Sambikerep,Surabaya,Klinik Pratama,swasta,THE EMDEE SKIN CLINIC,-7.2751169,112.5835175
Sambikerep,Surabaya,Klinik Pratama,swasta,HAYYU SYAR'I,-7.2751169,112.5835175
Sambikerep,Surabaya,Klinik Utama,swasta,EZMO CLINIC,-7.2751169,112.5835175
Sambikerep,Surabaya,Klinik Utama,swasta,LINA LICA,-7.2751169,112.5835175
Sambikerep,Surabaya,Klinik Utama,swasta,TEETH TOOTH,-7.2751169,112.5835175
Sawahan,Surabaya,Apotek,lainnya,KIMIA FARMA NO.243,-7.2738052,112.7039424
Sawahan,Surabaya,Puskesmas Induk,Pemerintah Kota,Puskesmas Banyu Urip,-7.2738052,112.7039424
Sawahan,Surabaya,Puskesmas Induk,Pemerintah Kota,Puskesmas Pakis,-7.2738052,112.7039424
Sawahan,Surabaya,Puskesmas Induk,Pemerintah Kota,Puskesmas Putat Jaya,-7.2738052,112.7039424
Sawahan,Surabaya,Puskesmas Induk,Pemerintah Kota,Puskesmas Sawahan,-7.2738052,112.7039424
Sawahan,Surabaya,Puskesmas Pembantu (Pustu),Pemerintah Kota,Pustu Petemon,-7.2738052,112.7039424
Sawahan,Surabaya,Puskesmas Pembantu (Pustu),Pemerintah Kota,Pustu Putat Jaya,-7.2738052,112.7039424
Sawahan,Surabaya,Puskesmas Pembantu (Pustu),Pemerintah Kota,Pustu Simokatrungan,-7.2738052,112.7039424
Sawahan,Surabaya,Rumah Sakit Umum,Swasta,Mayapada Hospital Surabaya,-7.2738052,112.7039424
Sawahan,Surabaya,Apotek,swasta,AGAPE,-7.2738052,112.7039424
Sawahan,Surabaya,Apotek,swasta,MITRA FARMA,-7.2738052,112.7039424
Sawahan,Surabaya,Apotek,swasta,KHEN,-7.2738052,112.7039424
Sawahan,Surabaya,Apotek,swasta,PURI FARMA,-7.2738052,112.7039424
Sawahan,Surabaya,Apotek,swasta,MENGGALA,-7.2738052,112.7039424
Sawahan,Surabaya,Apotek,swasta,STEVEN,-7.2738052,112.7039424
Sawahan,Surabaya,Apotek,swasta,DWI JAYA,-7.2738052,112.7039424
Sawahan,Surabaya,Apotek,swasta,SUGENG,-7.2738052,112.7039424
Sawahan,Surabaya,Apotek,swasta,FAJAR,-7.2738052,112.7039424
Sawahan,Surabaya,Apotek,swasta,TENOJAYA,-7.2738052,112.7039424
Sawahan,Surabaya,Apotek,swasta,TOWER FARMA,-7.2738052,112.7039424
Sawahan,Surabaya,Apotek,swasta,ARI FARMA,-7.2738052,112.7039424
Sawahan,Surabaya,Apotek,swasta,DAMAI,-7.2738052,112.7039424
Sawahan,Surabaya,Apotek,swasta,C n C,-7.2738052,112.7039424
Sawahan,Surabaya,Apotek,swasta,DEWI FARMA,-7.2738052,112.7039424
Sawahan,Surabaya,Apotek,swasta,VIVA APOTEK SIMO GUNUNG,-7.2738052,112.7039424
Sawahan,Surabaya,Apotek,swasta,VIVA APOTEK BANYU URIP WETAN,-7.2738052,112.7039424
Sawahan,Surabaya,Apotek,swasta,PELITA JAYA,-7.2738052,112.7039424
Sawahan,Surabaya,Apotek,swasta,VIVA APOTEK PACUAN KUDA,-7.2738052,112.7039424
Sawahan,Surabaya,Apotek,swasta,MZ 8,-7.2738052,112.7039424
Sawahan,Surabaya,Apotek,swasta,VIVA APOTEK PETEMON BARAT,-7.2738052,112.7039424
Sawahan,Surabaya,Apotek,swasta,PAHALA PACUAN,-7.2738052,112.7039424
Sawahan,Surabaya,Apotek,swasta,K-24 SIMO KWAGEAN,-7.2738052,112.7039424
Sawahan,Surabaya,Toko Obat,swasta,SUMBER SELAMET,-7.2738052,112.7039424
Sawahan,Surabaya,Toko Obat,swasta,Multi Sehat Jaya,-7.2738052,112.7039424
Sawahan,Surabaya,Klinik Utama,swasta,PRAMITA,-7.2738052,112.7039424
Sawahan,Surabaya,Klinik Pratama,swasta,HIDAYAH,-7.2738052,112.7039424
Sawahan,Surabaya,Klinik Pratama,swasta,KIMIA FARMA BANYU URIP,-7.2738052,112.7039424
Sawahan,Surabaya,Klinik Pratama,swasta,CLARICE,-7.2738052,112.7039424
Sawahan,Surabaya,Klinik Pratama,swasta,DELOVELY,-7.2738052,112.7039424
Sawahan,Surabaya,Klinik Pratama,swasta,BDS PACUAN KUDA,-7.2738052,112.7039424
Sawahan,Surabaya,Klinik Pratama,swasta,PUSURA SUNGKONO,-7.2738052,112.7039424
Sawahan,Surabaya,Klinik Pratama,swasta,Lazarus,-7.2738052,112.7039424
Sawahan,Surabaya,Klinik Utama,swasta,dr. RUSTIADJI,-7.2738052,112.7039424
Sawahan,Surabaya,Klinik Utama,swasta,PRAMITA,-7.2738052,112.7039424
Semampir,Surabaya,Klinik Pratama,lainnya,AMPEL,-7.2145096,112.7312914
Semampir,Surabaya,Puskesmas Induk,Pemerintah Kota,Puskesmas Pegirian,-7.2145096,112.7312914
Semampir,Surabaya,Puskesmas Induk,Pemerintah Kota,Puskesmas Sawah Pulo,-7.2145096,112.7312914
Semampir,Surabaya,Puskesmas Induk,Pemerintah Kota,Puskesmas Sidotopo,-7.2145096,112.7312914
Semampir,Surabaya,Puskesmas Induk,Pemerintah Kota,Puskesmas Wonokusumo,-7.2145096,112.7312914
Semampir,Surabaya,Puskesmas Pembantu (Pustu),Pemerintah Kota,Pustu Pegirian,-7.2145096,112.7312914
Semampir,Surabaya,Puskesmas Pembantu (Pustu),Pemerintah Kota,Pustu Wonokusumo,-7.2145096,112.7312914
Semampir,Surabaya,Rumah Sakit Umum,Pemerintah Provinsi,RS Husada Prima,-7.2145096,112.7312914
Semampir,Surabaya,Apotek,swasta,KEMAJUAN,-7.2145096,112.7312914
Semampir,Surabaya,Apotek,swasta,MUSTIKA JAYA I,-7.2145096,112.7312914
Semampir,Surabaya,Apotek,swasta,WONOSARI MEDIKA,-7.2145096,112.7312914
Semampir,Surabaya,Apotek,swasta,AMIRA,-7.2145096,112.7312914
Semampir,Surabaya,Apotek,swasta,SURAMADU,-7.2145096,112.7312914
Semampir,Surabaya,Apotek,swasta,PERMATA P,-7.2145096,112.7312914
Semampir,Surabaya,Apotek,swasta,VIVA GENERIK WONOKUSUMO,-7.2145096,112.7312914
Semampir,Surabaya,Apotek,swasta,AZIFAH,-7.2145096,112.7312914
Semampir,Surabaya,Apotek,swasta,ALMIRA,-7.2145096,112.7312914
Semampir,Surabaya,Apotek,swasta,K24 WONOKUSUMO,-7.2145096,112.7312914
SEMAMPIR,Surabaya,Apotek,swasta,RAFA FARMA BULAK JAYA,-7.2145096,112.7312914
Semampir,Surabaya,Apotek,swasta,BERLIN 3,-7.2145096,112.7312914
SEMAMPIR,Surabaya,Apotek,swasta,KAHA,-7.2145096,112.7312914
Semampir,Surabaya,Klinik Pratama,swasta,WACHID HASYIM,-7.2145096,112.7312914
Semampir,Surabaya,Klinik Pratama,swasta,MEDISKA SIDOTOPO,-7.2145096,112.7312914
Semampir,Surabaya,Klinik Pratama,swasta,INDOSEHAT 2003,-7.2145096,112.7312914
Semampir,Surabaya,Klinik Utama,swasta,PROSPEK,-7.2145096,112.7312914
Semampir,Surabaya,Klinik Utama,swasta,INDOSEHAT 2003,-7.2145096,112.7312914
Semampir,Surabaya,Klinik Pratama,TNI/POLRI,dr. IDRIS P. SIREGAR,-7.2145096,112.7312914
Simokerto,Surabaya,Apotek,lainnya,KIMIA FARMA TAMBAK REJO,-7.2396746,112.735557
Simokerto,Surabaya,Rumah Sakit Umum,Pemerintah Kota,RS Umum Daerah dr. Mohamad Soewandhie,-7.2396746,112.735557
Simokerto,Surabaya,Puskesmas Induk,Pemerintah Kota,Puskesmas Simolawang,-7.2396746,112.735557
Simokerto,Surabaya,Puskesmas Induk,Pemerintah Kota,Puskesmas Tambakrejo,-7.2396746,112.735557
Simokerto,Surabaya,Puskesmas Pembantu (Pustu),Pemerintah Kota,Pustu Kapasari,-7.2396746,112.735557
Simokerto,Surabaya,Puskesmas Pembantu (Pustu),Pemerintah Kota,Pustu Kapasan,-7.2396746,112.735557
Simokerto,Surabaya,Puskesmas Pembantu (Pustu),Pemerintah Kota,Pustu Granting,-7.2396746,112.735557
Simokerto,Surabaya,Puskesmas Pembantu (Pustu),Pemerintah Kota,Pustu Kebondalem,-7.2396746,112.735557
Simokerto,Surabaya,Puskesmas Pembantu (Pustu),Pemerintah Kota,Pustu Sidodadi,-7.2396746,112.735557
Simokerto,Surabaya,Puskesmas Pembantu (Pustu),Pemerintah Kota,Pustu Sidoyoso Kali,-7.2396746,112.735557
Simokerto,Surabaya,Rumah Sakit Umum,Pemerintah Provinsi,RS Umum Daerah Dr. Soetomo,-7.2396746,112.735557
Simokerto,Surabaya,Rumah Sakit Umum,Swasta,RS Umum Adi Husada Kapasari,-7.2396746,112.735557
Simokerto,Surabaya,Apotek,swasta,BHUMYAMCA II,-7.2396746,112.735557
Simokerto,Surabaya,Apotek,swasta,SEGARAN,-7.2396746,112.735557
Simokerto,Surabaya,Apotek,swasta,MATAHARI FARMA,-7.2396746,112.735557
Simokerto,Surabaya,Apotek,swasta,K - 24 KAPASARI,-7.2396746,112.735557
Simokerto,Surabaya,Apotek,swasta,SUMBER WARAS,-7.2396746,112.735557
Simokerto,Surabaya,Apotek,swasta,TERAS PHARMA,-7.2396746,112.735557
Simokerto,Surabaya,Toko Obat,swasta,KENDJERAN,-7.2396746,112.735557
Simokerto,Surabaya,Toko Obat,swasta,toko Obat PT. Trans Retail Indonesia Cabang Carrefour ITC Mega Grosir Surabaya,-7.2396746,112.735557
Simokerto,Surabaya,Klinik Utama,swasta,PROSPEK (SIMOKERTO),-7.2396746,112.735557
Sukolilo,Surabaya,Apotek,lainnya,KIMIA FARMA KLAMPIS,-7.2906497,112.7867749
SUKOLILO,Surabaya,Apotek,lainnya,KIMIA FARMA MENUR,-7.2906497,112.7867749
Sukolilo,Surabaya,Puskesmas Induk,Pemerintah Kota,Puskesmas Keputih,-7.2906497,112.7867749
Sukolilo,Surabaya,Puskesmas Induk,Pemerintah Kota,Puskesmas Klampis Ngasem,-7.2906497,112.7867749
Sukolilo,Surabaya,Puskesmas Induk,Pemerintah Kota,Puskesmas Menur,-7.2906497,112.7867749
Sukolilo,Surabaya,Puskesmas Pembantu (Pustu),Pemerintah Kota,Pustu Gebang Putih,-7.2906497,112.7867749
Sukolilo,Surabaya,Puskesmas Pembantu (Pustu),Pemerintah Kota,Pustu Medokan Semampir,-7.2906497,112.7867749
Sukolilo,Surabaya,Puskesmas Pembantu (Pustu),Pemerintah Kota,Pustu Semolowaru,-7.2906497,112.7867749
Sukolilo,Surabaya,Rumah Sakit Umum,Pemerintah Provinsi,RS Umum Haji Surabaya,-7.2906497,112.7867749
Sukolilo,Surabaya,Klinik Utama,Pemerintah Provinsi Jawa Timur,EMBARKASI HAJI SURABAYA,-7.2906497,112.7867749
Sukolilo,Surabaya,Rumah Sakit Khusus,Swasta,RS Onkologi,-7.2906497,112.7867749
Sukolilo,Surabaya,Rumah Sakit Umum,Swasta,RS Premier Surabaya,-7.2906497,112.7867749
Sukolilo,Surabaya,Rumah Sakit Khusus,Swasta,RS Ibu dan Anak Putri Surabaya,-7.2906497,112.7867749
Sukolilo,Surabaya,Rumah Sakit Umum,Swasta,RS Gotong Royong,-7.2906497,112.7867749
Sukolilo,Surabaya,Apotek,swasta,MENUR,-7.2906497,112.7867749
Sukolilo,Surabaya,Apotek,swasta,PRIMADANA,-7.2906497,112.7867749
Sukolilo,Surabaya,Apotek,swasta,LIBRA,-7.2906497,112.7867749
Sukolilo,Surabaya,Apotek,swasta,KENJERAN,-7.2906497,112.7867749
Sukolilo,Surabaya,Apotek,swasta,ASTI FARMA,-7.2906497,112.7867749
Sukolilo,Surabaya,Apotek,swasta,NATANETTE,-7.2906497,112.7867749
Sukolilo,Surabaya,Apotek,swasta,LIBRA 2,-7.2906497,112.7867749
Sukolilo,Surabaya,Apotek,swasta,SELARAS,-7.2906497,112.7867749
Sukolilo,Surabaya,Apotek,swasta,KARYA SUKSES,-7.2906497,112.7867749
Sukolilo,Surabaya,Apotek,swasta,K-24 MANYAR,-7.2906497,112.7867749
Sukolilo,Surabaya,Apotek,swasta,LATOVI,-7.2906497,112.7867749
Sukolilo,Surabaya,Apotek,swasta,EXPRESS,-7.2906497,112.7867749
Sukolilo,Surabaya,Apotek,swasta,SENTRA BERKAT,-7.2906497,112.7867749
Sukolilo,Surabaya,Apotek,swasta,K-24 KLAMPIS,-7.2906497,112.7867749
Sukolilo,Surabaya,Apotek,swasta,DR. RATNA,-7.2906497,112.7867749
Sukolilo,Surabaya,Apotek,swasta,SEMAMPIR RAYA,-7.2906497,112.7867749
Sukolilo,Surabaya,Apotek,swasta,CENTRO FARMA,-7.2906497,112.7867749
Sukolilo,Surabaya,Apotek,swasta,AALIYA FARMA,-7.2906497,112.7867749
Sukolilo,Surabaya,Apotek,swasta,RACHMAT,-7.2906497,112.7867749
Sukolilo,Surabaya,Apotek,swasta,TERANG FARMA,-7.2906497,112.7867749
Sukolilo,Surabaya,Apotek,swasta,K24 KEPUTIH,-7.2906497,112.7867749
Sukolilo,Surabaya,Apotek,swasta,ANYA,-7.2906497,112.7867749
sukolilo,Surabaya,Apotek,swasta,TRIA FARMA,-7.2906497,112.7867749
Sukolilo,Surabaya,Apotek,swasta,Lifepack,-7.2906497,112.7867749
Sukolilo,Surabaya,Toko Obat,swasta,SUPER INDO SEMOLOWARU,-7.2906497,112.7867749
SUKOLILO,Surabaya,Toko Obat,swasta,SUPER INDO ARIF RAHMAN HAKIM,-7.2906497,112.7867749
Sukolilo,Surabaya,Toko Obat,swasta,GUARDIAN AR HAKIM,-7.2906497,112.7867749
Sukolilo,Surabaya,Toko Obat,swasta,KLAMPIS SEMOLO,-7.2906497,112.7867749
Sukolilo,Surabaya,Toko Obat,swasta,Hypermart Arief Rachman Hakim,-7.2906497,112.7867749
Sukolilo,Surabaya,Klinik Pratama,swasta,STIESIA,-7.2906497,112.7867749
Sukolilo,Surabaya,Klinik Pratama,swasta,EMDEE,-7.2906497,112.7867749
Sukolilo,Surabaya,Klinik Pratama,swasta,GOTONG ROYONG I,-7.2906497,112.7867749
Sukolilo,Surabaya,Klinik Pratama,swasta,MEDICAL CENTER ITS,-7.2906497,112.7867749
Sukolilo,Surabaya,Klinik Pratama,swasta,dr. RETNAWATI,-7.2906497,112.7867749
Sukolilo,Surabaya,Klinik Pratama,swasta,SILOAM SURABAYA,-7.2906497,112.7867749
Sukolilo,Surabaya,Klinik Pratama,swasta,FACENA,-7.2906497,112.7867749
Sukolilo,Surabaya,Klinik Pratama,swasta,FLORA HOUSE OF BEAUTY,-7.2906497,112.7867749
Sukolilo,Surabaya,Klinik Pratama,swasta,EVINE,-7.2906497,112.7867749
Sukolilo,Surabaya,Klinik Pratama,swasta,EMDEE,-7.2906497,112.7867749
Sukolilo,Surabaya,Klinik Utama,swasta,SENTRA REHABILITASI MEDIK MERIDIAN,-7.2906497,112.7867749
Sukolilo,Surabaya,Klinik Utama,swasta,Universitas 17 Agustus 1945 (UNTAG) Surabaya,-7.2906497,112.7867749
Sukolilo,Surabaya,Klinik Utama,swasta,LESTARI,-7.2906497,112.7867749
Sukolilo,Surabaya,Klinik Utama,swasta,D-ARTS DENTAL CLINIC,-7.2906497,112.7867749
Sukolilo,Surabaya,Klinik Utama,swasta,JET - Z DENTAL AESTHETIC CLINIC,-7.2906497,112.7867749
Sukomanunggal,Surabaya,Apotek,lainnya,KIMIA FARMA KUPANG JAYA,-7.2704821,112.6635242
Sukomanunggal,Surabaya,Apotek,lainnya,KIMIA FARMA HR MUHAMMAD,-7.2704821,112.6635242
Sukomanunggal,Surabaya,Puskesmas Induk,Pemerintah Kota,Puskesmas Simomulyo,-7.2704821,112.6635242
Sukomanunggal,Surabaya,Puskesmas Induk,Pemerintah Kota,Puskesmas Tanjungsari,-7.2704821,112.6635242
Sukomanunggal,Surabaya,Puskesmas Pembantu (Pustu),Pemerintah Kota,Pustu Putat Gede,-7.2704821,112.6635242
Sukomanunggal,Surabaya,Puskesmas Pembantu (Pustu),Pemerintah Kota,Pustu Simohilir,-7.2704821,112.6635242
Sukomanunggal,Surabaya,Puskesmas Pembantu (Pustu),Pemerintah Kota,Pustu Sonokawijenan,-7.2704821,112.6635242
Sukomanunggal,Surabaya,Klinik Pratama,Pemerintah Provinsi Jawa Timur,BNN PROVINSI JAWA TIMUR,-7.2704821,112.6635242
Sukomanunggal,Surabaya,Rumah Sakit Umum,Swasta,RS Umum Mitra Keluarga Surabaya,-7.2704821,112.6635242
Sukomanunggal,Surabaya,Apotek,swasta,SATELITE,-7.2704821,112.6635242
Sukomanunggal,Surabaya,Apotek,swasta,SAPUTRA JAYA,-7.2704821,112.6635242
Sukomanunggal,Surabaya,Apotek,swasta,KUPANG BARU,-7.2704821,112.6635242
Sukomanunggal,Surabaya,Apotek,swasta,TIARA SATELIT,-7.2704821,112.6635242
Sukomanunggal,Surabaya,Apotek,swasta,HANSEN,-7.2704821,112.6635242
Sukomanunggal,Surabaya,Apotek,swasta,AL FALAH,-7.2704821,112.6635242
Sukomanunggal,Surabaya,Apotek,swasta,WATSONS LAGOON SUNGKONO,-7.2704821,112.6635242
Sukomanunggal,Surabaya,Apotek,swasta,K-24 SUKOMANUNGGAL,-7.2704821,112.6635242
Sukomanunggal,Surabaya,Apotek,swasta,K-24 Bukit Darmo,-7.2704821,112.6635242
Sukomanunggal,Surabaya,Toko Obat,swasta,SUPER INDO SATELIT UTARA,-7.2704821,112.6635242
Sukomanunggal,Surabaya,Klinik Pratama,swasta,DINAYLA UTAMA 84,-7.2704821,112.6635242
Sukomanunggal,Surabaya,Klinik Pratama,swasta,ELYON,-7.2704821,112.6635242
Sukomanunggal,Surabaya,Klinik Pratama,swasta,L'VIORS,-7.2704821,112.6635242
Sukomanunggal,Surabaya,Klinik Pratama,swasta,ID BEAUTY CLINIC,-7.2704821,112.6635242
Sukomanunggal,Surabaya,Klinik Pratama,swasta,LARISSA,-7.2704821,112.6635242
Sukomanunggal,Surabaya,Klinik Pratama,swasta,FAIZAH MEDIKA,-7.2704821,112.6635242
Sukomanunggal,Surabaya,Klinik Utama,swasta,ABDI MULIA,-7.2704821,112.6635242
Sukomanunggal,Surabaya,Klinik Utama,swasta,KASIH KARUNIA,-7.2704821,112.6635242
Sukomanunggal,Surabaya,Klinik Utama,swasta,ABDI MULIA,-7.2704821,112.6635242
Sukomanunggal,Surabaya,Klinik Utama,swasta,PRIMED,-7.2704821,112.6635242
Tambaksari,Surabaya,Klinik Pratama,lainnya,POLKES 05.09.04 SURABAYA,-7.2510122,112.7519789
Tambaksari,Surabaya,Puskesmas Induk,Pemerintah Kota,Puskesmas Gading,-7.2510122,112.7519789
Tambaksari,Surabaya,Puskesmas Induk,Pemerintah Kota,Puskesmas Pacar Keling,-7.2510122,112.7519789
Tambaksari,Surabaya,Puskesmas Induk,Pemerintah Kota,Puskesmas Rangkah,-7.2510122,112.7519789
Tambaksari,Surabaya,Puskesmas Pembantu (Pustu),Pemerintah Kota,Pustu Karang Empat,-7.2510122,112.7519789
Tambaksari,Surabaya,Rumah Sakit Umum,Swasta,RS Husada Utama Surabaya,-7.2510122,112.7519789
Tambaksari,Surabaya,Apotek,swasta,BLESSING,-7.2510122,112.7519789
Tambaksari,Surabaya,Apotek,swasta,SUPER FARMA,-7.2510122,112.7519789
Tambaksari,Surabaya,Apotek,swasta,LESTARI FARMA,-7.2510122,112.7519789
Tambaksari,Surabaya,Apotek,swasta,K24 KAPAS KRAMPUNG,-7.2510122,112.7519789
Tambaksari,Surabaya,Apotek,swasta,PRIMADONA,-7.2510122,112.7519789
Tambaksari,Surabaya,Apotek,swasta,PUTERI BUANA,-7.2510122,112.7519789
Tambaksari,Surabaya,Apotek,swasta,PERMATA,-7.2510122,112.7519789
Tambaksari,Surabaya,Apotek,swasta,TING - TING FARMA,-7.2510122,112.7519789
Tambaksari,Surabaya,Apotek,swasta,VIVA APOTEK DUKUH SETRO,-7.2510122,112.7519789
Tambaksari,Surabaya,Apotek,swasta,178,-7.2510122,112.7519789
Tambaksari,Surabaya,Apotek,swasta,SILVIANA,-7.2510122,112.7519789
Tambaksari,Surabaya,Apotek,swasta,VIVA APOTEK KAPAS MADYA,-7.2510122,112.7519789
Tambaksari,Surabaya,Apotek,swasta,GOLDEN FARMA,-7.2510122,112.7519789
Tambaksari,Surabaya,Apotek,swasta,JOYFUL,-7.2510122,112.7519789
Tambaksari,Surabaya,Apotek,swasta,SAHABAT SEHAT,-7.2510122,112.7519789
Tambaksari,Surabaya,Apotek,swasta,GABRIEL,-7.2510122,112.7519789
Tambaksari,Surabaya,Apotek,swasta,NICHO,-7.2510122,112.7519789
Tambaksari,Surabaya,Apotek,swasta,BASKARA,-7.2510122,112.7519789
Tambaksari,Surabaya,Apotek,swasta,SABILILLAH,-7.2510122,112.7519789
Tambaksari,Surabaya,Apotek,swasta,SYIFA,-7.2510122,112.7519789
Tambaksari,Surabaya,Apotek,swasta,K - 24 PLOSO,-7.2510122,112.7519789
Tambaksari,Surabaya,Apotek,swasta,MALIKA,-7.2510122,112.7519789
Tambaksari,Surabaya,Apotek,swasta,BK,-7.2510122,112.7519789
Tambaksari,Surabaya,Apotek,swasta,MEKAR REJEKI FARMA,-7.2510122,112.7519789
Tambaksari,Surabaya,Apotek,swasta,DUKUH SETRO,-7.2510122,112.7519789
Tambaksari,Surabaya,Apotek,swasta,VIVA APOTEK KARANG ASEM,-7.2510122,112.7519789
Tambaksari,Surabaya,Toko Obat,swasta,WAN FU DANG,-7.2510122,112.7519789
Tambaksari,Surabaya,Toko Obat,swasta,WAN HO DANG,-7.2510122,112.7519789
Tambaksari,Surabaya,Klinik Pratama,swasta,TABITA,-7.2510122,112.7519789
Tambaksari,Surabaya,Klinik Pratama,swasta,MEDISKA SURABAYA GUBENG,-7.2510122,112.7519789
Tambaksari,Surabaya,Klinik Pratama,swasta,WISMA HUSADA,-7.2510122,112.7519789
Tambaksari,Surabaya,Klinik Pratama,swasta,SURYA GIRI JAYA 122,-7.2510122,112.7519789
Tambaksari,Surabaya,Klinik Pratama,swasta,PALANG MERAH INDONESIA,-7.2510122,112.7519789
Tambaksari,Surabaya,Klinik Pratama,swasta,ALBA MEDIKA,-7.2510122,112.7519789
Tambaksari,Surabaya,Klinik Pratama,swasta,INDIRA,-7.2510122,112.7519789
Tambaksari,Surabaya,Klinik Pratama,swasta,KAPAS MADYA,-7.2510122,112.7519789
Tambaksari,Surabaya,Klinik Pratama,swasta,KEELA,-7.2510122,112.7519789
Tambaksari,Surabaya,Klinik Pratama,swasta,ESTETIKA LARISSA,-7.2510122,112.7519789
Tambaksari,Surabaya,Klinik Pratama,swasta,BEAUDENT,-7.2510122,112.7519789
Tambaksari,Surabaya,Klinik Utama,swasta,WALUYO JATI,-7.2510122,112.7519789
Tambaksari,Surabaya,Klinik Utama,swasta,VINCENTIUS KRISTUS RAJA,-7.2510122,112.7519789
Tambaksari,Surabaya,Klinik Utama,swasta,SAHABAT MEDIKA,-7.2510122,112.7519789
Tambaksari,Surabaya,Klinik Utama,swasta,ADI GUNA,-7.2510122,112.7519789
Tandes,Surabaya,Apotek,lainnya,PRIMA ANUGERAH,-7.2570032,112.6557509
Tandes,Surabaya,Puskesmas Induk,Pemerintah Kota,Puskesmas Balongsari,-7.2570032,112.6557509
Tandes,Surabaya,Puskesmas Induk,Pemerintah Kota,Puskesmas Manukan Kulon,-7.2570032,112.6557509
Tandes,Surabaya,Puskesmas Pembantu (Pustu),Pemerintah Kota,Pustu Banjarsugihan,-7.2570032,112.6557509
Tandes,Surabaya,Puskesmas Pembantu (Pustu),Pemerintah Kota,Pustu Buntaran,-7.2570032,112.6557509
Tandes,Surabaya,Rumah Sakit Umum,Swasta,RS Muji Rahayu,-7.2570032,112.6557509
Tandes,Surabaya,Apotek,swasta,JAYA MULYA,-7.2570032,112.6557509
Tandes,Surabaya,Apotek,swasta,AMORITA FARMA,-7.2570032,112.6557509
Tandes,Surabaya,Apotek,swasta,MUKTI HUSADA,-7.2570032,112.6557509
Tandes,Surabaya,Apotek,swasta,KRAJAN,-7.2570032,112.6557509
Tandes,Surabaya,Apotek,swasta,K - 24 DARMO INDAH,-7.2570032,112.6557509
Tandes,Surabaya,Apotek,swasta,K24 BALONGSARI TAMA,-7.2570032,112.6557509
Tandes,Surabaya,Apotek,swasta,WATSONS FOOD JUNCTION,-7.2570032,112.6557509
Tandes,Surabaya,Apotek,swasta,MITRA SEHAT,-7.2570032,112.6557509
Tandes,Surabaya,Apotek,swasta,Rafa Farma Manukan,-7.2570032,112.6557509
Tandes,Surabaya,Toko Obat,swasta,SUPER INDO MANUKAN,-7.2570032,112.6557509
Tandes,Surabaya,Toko Obat,swasta,Boston food junction,-7.2570032,112.6557509
Tandes,Surabaya,Toko Obat,swasta,Toko Obat Hypermart Foodjunction,-7.2570032,112.6557509
Tandes,Surabaya,Klinik Pratama,swasta,PT. GELORA DJAJA,-7.2570032,112.6557509
Tandes,Surabaya,Klinik Pratama,swasta,PERDANA HUSADA,-7.2570032,112.6557509
Tandes,Surabaya,Klinik Pratama,swasta,SARTIKA 59,-7.2570032,112.6557509
Tandes,Surabaya,Klinik Pratama,swasta,NAYAKA HUSADA TANDES,-7.2570032,112.6557509
Tandes,Surabaya,Klinik Pratama,swasta,dr. EKO,-7.2570032,112.6557509
Tandes,Surabaya,Klinik Pratama,swasta,DINAYLA UTAMA 105,-7.2570032,112.6557509
Tandes,Surabaya,Klinik Pratama,swasta,KEBANGKITAN,-7.2570032,112.6557509
Tandes,Surabaya,Klinik Pratama,swasta,DELOVELY,-7.2570032,112.6557509
Tandes,Surabaya,Klinik Pratama,swasta,PUSURA BALONGSARI,-7.2570032,112.6557509
Tegalsari,Surabaya,Apotek,lainnya,KIMIA FARMA 26,-7.2743436,112.7011212
Tegalsari,Surabaya,Apotek,lainnya,KIMIA FARMA 25,-7.2743436,112.7011212
Tegalsari,Surabaya,Apotek,lainnya,KIMIA FARMA 45,-7.2743436,112.7011212
Tegalsari,Surabaya,Puskesmas Induk,Pemerintah Kota,Puskesmas Dr. Soetomo,-7.2743436,112.7011212
Tegalsari,Surabaya,Puskesmas Induk,Pemerintah Kota,Puskesmas Kedungdoro,-7.2743436,112.7011212
Tegalsari,Surabaya,Puskesmas Pembantu (Pustu),Pemerintah Kota,Pustu Keputran,-7.2743436,112.7011212
Tegalsari,Surabaya,Rumah Sakit Umum,Swasta,RS Surabaya Medical Service,-7.2743436,112.7011212
Tegalsari,Surabaya,Rumah Sakit Khusus,Swasta,RS Ibu dan Anak Pusura Tegalsari,-7.2743436,112.7011212
Tegalsari,Surabaya,Rumah Sakit Umum,Swasta,RS Darmo,-7.2743436,112.7011212
Tegalsari,Surabaya,Apotek,swasta,PANACEA,-7.2743436,112.7011212
Tegalsari,Surabaya,Apotek,swasta,AGUNG FARMA,-7.2743436,112.7011212
Tegalsari,Surabaya,Apotek,swasta,SUMBER FARMA,-7.2743436,112.7011212
Tegalsari,Surabaya,Apotek,swasta,POLYFARMA 61,-7.2743436,112.7011212
Tegalsari,Surabaya,Apotek,swasta,GUARDIAN PT HERO SUPERMARKET,-7.2743436,112.7011212
Tegalsari,Surabaya,Apotek,swasta,TENGGER I,-7.2743436,112.7011212
Tegalsari,Surabaya,Apotek,swasta,WIDYA FARMA,-7.2743436,112.7011212
Tegalsari,Surabaya,Apotek,swasta,TRUNOJOYO,-7.2743436,112.7011212
Tegalsari,Surabaya,Apotek,swasta,TIRTA FARMA,-7.2743436,112.7011212
Tegalsari,Surabaya,Apotek,swasta,CENTURY TUNJUNGAN PLAZA,-7.2743436,112.7011212
Tegalsari,Surabaya,Apotek,swasta,K-24 KEDUNGSARI,-7.2743436,112.7011212
Tegalsari,Surabaya,Apotek,swasta,MUSI,-7.2743436,112.7011212
Tegalsari,Surabaya,Apotek,swasta,WATSONS TUNJUNGAN PLAZA,-7.2743436,112.7011212
Tegalsari,Surabaya,Apotek,swasta,VIVA APOTEK KAMPUNG MALANG,-7.2743436,112.7011212
Tegalsari,Surabaya,Apotek,swasta,Watsons Tunjungan Plaza 6,-7.2743436,112.7011212
Tegalsari,Surabaya,Apotek,swasta,KAPUAS FARMA,-7.2743436,112.7011212
Tegalsari,Surabaya,Apotek,swasta,GUARDIAN TUNJUNGAN PLAZA 6 SURABAYA,-7.2743436,112.7011212
Tegalsari,Surabaya,Toko Obat,swasta,HERO TUNJUNGAN PLAZA,-7.2743436,112.7011212
Tegalsari,Surabaya,Klinik Pratama,swasta,ALAMANDA,-7.2743436,112.7011212
Tegalsari,Surabaya,Klinik Pratama,swasta,ANUGERAH MULIA ( GKI ),-7.2743436,112.7011212
Tegalsari,Surabaya,Klinik Pratama,swasta,PROFIRA,-7.2743436,112.7011212
Tegalsari,Surabaya,Klinik Pratama,swasta,ZAP TUNJUNGAN PLAZA,-7.2743436,112.7011212
Tegalsari,Surabaya,Klinik Pratama,swasta,ERHA APOTHECARY,-7.2743436,112.7011212
Tegalsari,Surabaya,Klinik Pratama,swasta,FRESH FACE SKIN CARE CLINIC,-7.2743436,112.7011212
Tegalsari,Surabaya,Klinik Pratama,swasta,MIRACLE TP,-7.2743436,112.7011212
Tegalsari,Surabaya,Klinik Pratama,swasta,ORISKIN,-7.2743436,112.7011212
Tegalsari,Surabaya,Klinik Pratama,swasta,LIGHT HOUSE,-7.2743436,112.7011212
Tegalsari,Surabaya,Klinik Pratama,swasta,GLAFIDYSYA MEDIKA,-7.2743436,112.7011212
Tegalsari,Surabaya,Klinik Pratama,swasta,ATHENA,-7.2743436,112.7011212
Tegalsari,Surabaya,Klinik Utama,swasta,ESTETIKA dr. AFFANDI,-7.2743436,112.7011212
Tegalsari,Surabaya,Klinik Utama,swasta,ESTHER,-7.2743436,112.7011212
Tegalsari,Surabaya,Klinik Utama,swasta,HAIRTRANS CLINIC,-7.2743436,112.7011212
Tegalsari,Surabaya,Klinik Utama,swasta,ERHA CLINIC SURABAYA,-7.2743436,112.7011212
Tegalsari,Surabaya,Klinik Utama,swasta,DRYN,-7.2743436,112.7011212
Tegalsari,Surabaya,Klinik Utama,swasta,BIOTEST,-7.2743436,112.7011212
Tegalsari,Surabaya,Klinik Utama,swasta,BIOTEST,-7.2743436,112.7011212
Tegalsari,Surabaya,Klinik Utama,swasta,MELANIA,-7.2743436,112.7011212
Tegalsari,Surabaya,Klinik Utama,swasta,ZAP BLAMBANGAN (KHUSUS WANITA DAN ANAK),-7.2743436,112.7011212
Tegalsari,Surabaya,Klinik Utama,swasta,M2C DENTAL,-7.2743436,112.7011212
Tenggilis Mejoyo,Surabaya,Apotek,lainnya,KIMIA FARMA 23 KENDANGSARI,-7.3203825,112.7534341
Tenggilis Mejoyo,Surabaya,Puskesmas Induk,Pemerintah Kota,Puskesmas Tenggilis,-7.3203825,112.7534341
Tenggilis Mejoyo,Surabaya,Puskesmas Pembantu (Pustu),Pemerintah Kota,Pustu Kutisari,-7.3203825,112.7534341
Tenggilis Mejoyo,Surabaya,Rumah Sakit Khusus,Swasta,RS Ibu dan Anak Kendangsari Surabaya,-7.3203825,112.7534341
Tenggilis Mejoyo,Surabaya,Apotek,swasta,SABA,-7.3203825,112.7534341
Tenggilis Mejoyo,Surabaya,Apotek,swasta,MAHKOTA FARMA,-7.3203825,112.7534341
Tenggilis Mejoyo,Surabaya,Apotek,swasta,KHARISMA,-7.3203825,112.7534341
Tenggilis Mejoyo,Surabaya,Apotek,swasta,BIOS FARMA,-7.3203825,112.7534341
Tenggilis Mejoyo,Surabaya,Apotek,swasta,ADAM FARMA,-7.3203825,112.7534341
Tenggilis Mejoyo,Surabaya,Apotek,swasta,AR,-7.3203825,112.7534341
Tenggilis Mejoyo,Surabaya,Apotek,swasta,VIVA GENERIK TENGGILIS KAUMAN,-7.3203825,112.7534341
Tenggilis Mejoyo,Surabaya,Apotek,swasta,VIVA GENERIK KENDANGSARI,-7.3203825,112.7534341
Tenggilis Mejoyo,Surabaya,Apotek,swasta,DEALOVA,-7.3203825,112.7534341
Tenggilis Mejoyo,Surabaya,Apotek,swasta,BYUNGBYOUNG,-7.3203825,112.7534341
Tenggilis Mejoyo,Surabaya,Apotek,swasta,Shane Farma,-7.3203825,112.7534341
Tenggilis Mejoyo,Surabaya,Toko Obat,swasta,INDOGROSIR,-7.3203825,112.7534341
Tenggilis Mejoyo,Surabaya,Toko Obat,swasta,SUPER INDO JEMURSARI,-7.3203825,112.7534341
Tenggilis Mejoyo,Surabaya,Klinik Pratama,swasta,MEDICO SIER,-7.3203825,112.7534341
Tenggilis Mejoyo,Surabaya,Klinik Pratama,swasta,NURANI JAYA 37,-7.3203825,112.7534341
Tenggilis Mejoyo,Surabaya,Klinik Pratama,swasta,SUMBER CAHAYA ANUGERAH,-7.3203825,112.7534341
Tenggilis Mejoyo,Surabaya,Klinik Pratama,swasta,LARISSA AESTHETIC TENGGILIS,-7.3203825,112.7534341
Tenggilis Mejoyo,Surabaya,Klinik Utama,swasta,SENTRA MEDIKA SURABAYA,-7.3203825,112.7534341
Tenggilis Mejoyo,Surabaya,Klinik Utama,swasta,METRODENT,-7.3203825,112.7534341
Tenggilis Mejoyo,Surabaya,Klinik Utama,swasta,WESTERINDO,-7.3203825,112.7534341
Wiyung,Surabaya,Apotek,lainnya,KIMIA FARMA LONTAR,-7.3085647,112.6752149
Wiyung,Surabaya,Apotek,lainnya,KIMIA FARMA WIYUNG 2,-7.3085647,112.6752149
Wiyung,Surabaya,Puskesmas Induk,Pemerintah Kota,Puskesmas Balas Klumprik,-7.3085647,112.6752149
Wiyung,Surabaya,Puskesmas Induk,Pemerintah Kota,Puskesmas Wiyung,-7.3085647,112.6752149
Wiyung,Surabaya,Puskesmas Pembantu (Pustu),Pemerintah Kota,Pustu Babatan,-7.3085647,112.6752149
Wiyung,Surabaya,Rumah Sakit Umum,Swasta,RS Wijaya Surabaya,-7.3085647,112.6752149
Wiyung,Surabaya,Rumah Sakit Umum,Swasta,RS National Hospital,-7.3085647,112.6752149
Wiyung,Surabaya,Rumah Sakit Khusus,Swasta,RS Ibu dan Anak Graha Medika,-7.3085647,112.6752149
Wiyung,Surabaya,Rumah Sakit Umum,Swasta,RS Wiyung Sejahtera,-7.3085647,112.6752149
Wiyung,Surabaya,Apotek,swasta,SINAR HUSADA,-7.3085647,112.6752149
Wiyung,Surabaya,Apotek,swasta,RIA FARMA,-7.3085647,112.6752149
Wiyung,Surabaya,Apotek,swasta,RIFKY,-7.3085647,112.6752149
Wiyung,Surabaya,Apotek,swasta,PASYHA,-7.3085647,112.6752149
Wiyung,Surabaya,Apotek,swasta,PUSPASARI,-7.3085647,112.6752149
Wiyung,Surabaya,Apotek,swasta,MEGAH,-7.3085647,112.6752149
Wiyung,Surabaya,Apotek,swasta,K - 24 WIYUNG,-7.3085647,112.6752149
Wiyung,Surabaya,Apotek,swasta,TATA,-7.3085647,112.6752149
Wiyung,Surabaya,Apotek,swasta,X WATERPLACE,-7.3085647,112.6752149
Wiyung,Surabaya,Apotek,swasta,K - 24 MENGANTI,-7.3085647,112.6752149
Wiyung,Surabaya,Apotek,swasta,WIFA FARMA,-7.3085647,112.6752149
Wiyung,Surabaya,Apotek,swasta,DENYRA,-7.3085647,112.6752149
Wiyung,Surabaya,Apotek,swasta,Daffa Farma,-7.3085647,112.6752149
Wiyung,Surabaya,Apotek,swasta,Tia Farma,-7.3085647,112.6752149
Wiyung,Surabaya,Toko Obat,swasta,SUPER INDO ROYAL SQUARE,-7.3085647,112.6752149
Wiyung,Surabaya,Klinik Utama,swasta,SKIN A,-7.3085647,112.6752149
Wiyung,Surabaya,Klinik Pratama,swasta,MITRA SEHAT,-7.3085647,112.6752149
Wiyung,Surabaya,Klinik Pratama,swasta,ROYAL DIAMOND,-7.3085647,112.6752149
Wiyung,Surabaya,Klinik Pratama,swasta,ALAMANDA,-7.3085647,112.6752149
Wiyung,Surabaya,Klinik Pratama,swasta,MAXINE AESTHETIC CLINIC,-7.3085647,112.6752149
Wiyung,Surabaya,Klinik Pratama,swasta,DINA,-7.3085647,112.6752149
Wiyung,Surabaya,Klinik Utama,swasta,SKIN A,-7.3085647,112.6752149
Wonocolo,Surabaya,Apotek,lainnya,KIMIA FARMA 166,-7.3249826,112.7269134
Wonocolo,Surabaya,Apotek,lainnya,Kimia Farma 836 Estheva,-7.3249826,112.7269134
Wonocolo,Surabaya,Klinik Pratama,lainnya,POLTEKBANG SURABAYA,-7.3249826,112.7269134
Wonocolo,Surabaya,Puskesmas Induk,Pemerintah Kota,Puskesmas Jemursari,-7.3249826,112.7269134
Wonocolo,Surabaya,Puskesmas Induk,Pemerintah Kota,Puskesmas Sidosermo,-7.3249826,112.7269134
Wonocolo,Surabaya,Puskesmas Induk,Pemerintah Kota,Puskesmas Siwalankerto,-7.3249826,112.7269134
Wonocolo,Surabaya,Puskesmas Pembantu (Pustu),Pemerintah Kota,Pustu Bendul Merisi,-7.3249826,112.7269134
Wonocolo,Surabaya,Puskesmas Pembantu (Pustu),Pemerintah Kota,Pustu Margorejo,-7.3249826,112.7269134
Wonocolo,Surabaya,Rumah Sakit Umum,Swasta,RS Umum Islam Surabaya Jemursari,-7.3249826,112.7269134
Wonocolo,Surabaya,Rumah Sakit Khusus,Swasta,RS Ibu dan Anak Perdana Medica,-7.3249826,112.7269134
Wonocolo,Surabaya,Apotek,swasta,KUTISARI,-7.3249826,112.7269134
Wonocolo,Surabaya,Apotek,swasta,RAHARDJO,-7.3249826,112.7269134
Wonocolo,Surabaya,Apotek,swasta,FARMARIN,-7.3249826,112.7269134
Wonocolo,Surabaya,Apotek,swasta,NUR SEHAT,-7.3249826,112.7269134
Wonocolo,Surabaya,Apotek,swasta,SIWALAN,-7.3249826,112.7269134
Wonocolo,Surabaya,Apotek,swasta,MALEO,-7.3249826,112.7269134
Wonocolo,Surabaya,Apotek,swasta,APOLLO,-7.3249826,112.7269134
Wonocolo,Surabaya,Apotek,swasta,TERANG JAYA,-7.3249826,112.7269134
Wonocolo,Surabaya,Apotek,swasta,K - 24 JEMURSARI,-7.3249826,112.7269134
Wonocolo,Surabaya,Apotek,swasta,JES 8,-7.3249826,112.7269134
Wonocolo,Surabaya,Apotek,swasta,VIVA APOTEK SIWALANKERTO,-7.3249826,112.7269134
Wonocolo,Surabaya,Apotek,swasta,SAMINA,-7.3249826,112.7269134
Wonocolo,Surabaya,Apotek,swasta,SUGIH WARAS MAKMUR,-7.3249826,112.7269134
Wonocolo,Surabaya,Apotek,swasta,MORO SEHAT,-7.3249826,112.7269134
Wonocolo,Surabaya,Apotek,swasta,MARGOREJO INDAH,-7.3249826,112.7269134
WONOCOLO,Surabaya,Apotek,swasta,VIVA APOTEK SIDOSERMO AIRDAS,-7.3249826,112.7269134
WONOCOLO,Surabaya,Apotek,swasta,VIVA APOTEK SIWALANKERTO THE SQUARE,-7.3249826,112.7269134
Wonocolo,Surabaya,Klinik Pratama,swasta,CITA SEHAT,-7.3249826,112.7269134
Wonocolo,Surabaya,Klinik Pratama,swasta,DINAYLA UTAMA 81,-7.3249826,112.7269134
Wonocolo,Surabaya,Klinik Pratama,swasta,JEMURSARI EMPAT,-7.3249826,112.7269134
Wonocolo,Surabaya,Klinik Pratama,swasta,UK PETRA,-7.3249826,112.7269134
Wonocolo,Surabaya,Klinik Pratama,swasta,BRI MEDIKA SURABAYA,-7.3249826,112.7269134
Wonocolo,Surabaya,Klinik Pratama,swasta,LORIS,-7.3249826,112.7269134
Wonocolo,Surabaya,Klinik Utama,swasta,EL SHAFI,-7.3249826,112.7269134
Wonocolo,Surabaya,Klinik Utama,swasta,DIALISA,-7.3249826,112.7269134
Wonocolo,Surabaya,Klinik Utama,swasta,SURABAYA EYE CLINIC,-7.3249826,112.7269134
Wonocolo,Surabaya,Klinik Utama,swasta,TIRTA MEDICAL CENTRE,-7.3249826,112.7269134
Wonocolo,Surabaya,Klinik Utama,swasta,PRODIA (JEMURSARI),-7.3249826,112.7269134
Wonocolo,Surabaya,Klinik Utama,swasta,ERHA CLINIC CABANG JEMURSARI,-7.3249826,112.7269134
Wonokromo,Surabaya,Klinik Pratama,lainnya,JALA HUSADA,-7.2941667,112.7207974
Wonokromo,Surabaya,Puskesmas Induk,Pemerintah Kota,Puskesmas Jagir,-7.2941667,112.7207974
Wonokromo,Surabaya,Puskesmas Induk,Pemerintah Kota,Puskesmas Ngagel Rejo,-7.2941667,112.7207974
Wonokromo,Surabaya,Puskesmas Induk,Pemerintah Kota,Puskesmas Wonokromo,-7.2941667,112.7207974
Wonokromo,Surabaya,Puskesmas Pembantu (Pustu),Pemerintah Kota,Pustu Sawunggaling,-7.2941667,112.7207974
Wonokromo,Surabaya,Rumah Sakit Umum,Swasta,RS Umum Katholik Surabaya,-7.2941667,112.7207974
Wonokromo,Surabaya,Rumah Sakit Umum,Swasta,RS William Booth Surabaya,-7.2941667,112.7207974
Wonokromo,Surabaya,Rumah Sakit Umum,Swasta,RS Islam Surabaya,-7.2941667,112.7207974
Wonokromo,Surabaya,Rumah Sakit Khusus,Swasta,RS Ibu dan Anak Lombok Dua Dua,-7.2941667,112.7207974
Wonokromo,Surabaya,Rumah Sakit Khusus,Swasta,RS Gigi dan Mulut Nala Husada,-7.2941667,112.7207974
Wonokromo,Surabaya,Apotek,swasta,OKEY FARMA,-7.2941667,112.7207974
Wonokromo,Surabaya,Apotek,swasta,SATYA FARMA,-7.2941667,112.7207974
Wonokromo,Surabaya,Apotek,swasta,VALENTINE,-7.2941667,112.7207974
Wonokromo,Surabaya,Apotek,swasta,DUTA FARMA II,-7.2941667,112.7207974
Wonokromo,Surabaya,Apotek,swasta,DIPONEGORO,-7.2941667,112.7207974
Wonokromo,Surabaya,Apotek,swasta,TIARA 2,-7.2941667,112.7207974
Wonokromo,Surabaya,Apotek,swasta,SAHABAT,-7.2941667,112.7207974
Wonokromo,Surabaya,Apotek,swasta,ALDA,-7.2941667,112.7207974
Wonokromo,Surabaya,Apotek,swasta,VIZ FARMA,-7.2941667,112.7207974
Wonokromo,Surabaya,Apotek,swasta,RESTU SEHAT,-7.2941667,112.7207974
Wonokromo,Surabaya,Apotek,swasta,TOTAL LIFE CLINIC,-7.2941667,112.7207974
Wonokromo,Surabaya,Apotek,swasta,LOMBOK 25,-7.2941667,112.7207974
Wonokromo,Surabaya,Apotek,swasta,BOSTON HEALTH & BEAUTY ROYAL PLAZA,-7.2941667,112.7207974
Wonokromo,Surabaya,Apotek,swasta,VIVA APOTEK JETIS KULON,-7.2941667,112.7207974
Wonokromo,Surabaya,Apotek,swasta,GUARDIAN TRANSMART NGAGEL,-7.2941667,112.7207974
Wonokromo,Surabaya,Apotek,swasta,K-24 BENDUL MERISI,-7.2941667,112.7207974
Wonokromo,Surabaya,Toko Obat,swasta,Hypermart Royal,-7.2941667,112.7207974
Wonokromo,Surabaya,Toko Obat,swasta,PRIMO,-7.2941667,112.7207974
Wonokromo,Surabaya,Toko Obat,swasta,toko Obat PT. Trans Retail Indonesia Cabang Transmart ngagel,-7.2941667,112.7207974
Wonokromo,Surabaya,Klinik Pratama,swasta,Yakes Telkom,-7.2941667,112.7207974
Wonokromo,Surabaya,Klinik Pratama,swasta,GIGI BHAKTI KASIH,-7.2941667,112.7207974
Wonokromo,Surabaya,Klinik Pratama,swasta,Anugerah Karya Medika 103,-7.2941667,112.7207974
Wonokromo,Surabaya,Klinik Pratama,swasta,PERTAMINA JAGIR,-7.2941667,112.7207974
Wonokromo,Surabaya,Klinik Pratama,swasta,MEDIKA YANI II,-7.2941667,112.7207974
Wonokromo,Surabaya,Klinik Pratama,swasta,KIMIA FARMA SEBELAS MEDIKA,-7.2941667,112.7207974
Wonokromo,Surabaya,Klinik Pratama,swasta,HAYYU SYAR'I,-7.2941667,112.7207974
Wonokromo,Surabaya,Klinik Pratama,swasta,NOVATIC,-7.2941667,112.7207974
Wonokromo,Surabaya,Klinik Pratama,swasta,INDRAGIRI,-7.2941667,112.7207974
Wonokromo,Surabaya,Klinik Pratama,swasta,DNY SKIN CARE (KUTAI),-7.2941667,112.7207974
Wonokromo,Surabaya,Klinik Pratama,swasta,DNY SKIN CARE (KUTISARI),-7.2941667,112.7207974
Wonokromo,Surabaya,Klinik Utama,swasta,JOYOBOYO,-7.2941667,112.7207974
Wonokromo,Surabaya,Klinik Utama,swasta,BAWEAN ORTHOPAEDIC AND REHABILITATION MEDICINE CENTER SURABAYA,-7.2941667,112.7207974
Wonokromo,Surabaya,Klinik Utama,swasta,ELIZABETH MEDICAL CENTRE,-7.2941667,112.7207974
Wonokromo,Surabaya,Klinik Utama,swasta,PKBI JAWA TIMUR,-7.2941667,112.7207974
Wonokromo,Surabaya,Klinik Utama,swasta,TOTAL LIFE CLINIC,-7.2941667,112.7207974
Wonokromo,Surabaya,Klinik Utama,swasta,MEDIKA UTAMA,-7.2941667,112.7207974
Wonokromo,Surabaya,Klinik Utama,swasta,THE NEW BRAIN CLINIC,-7.2941667,112.7207974
Wonokromo,Surabaya,Klinik Utama,swasta,PRODIA HEALTH CARE,-7.2941667,112.7207974
Wonokromo,Surabaya,Klinik Utama,swasta,SANODOC,-7.2941667,112.7207974
Wonokromo,Surabaya,Klinik Utama,swasta,ILHAN EYE CENTER,-7.2941667,112.7207974
Wonokromo,Surabaya,Klinik Utama,swasta,INDAH DENTAL CARE,-7.2941667,112.7207974
Wonokromo,Surabaya,Klinik Utama,swasta,JEC-JAVA@SURABAYA,-7.2941667,112.7207974
Wonokromo,Surabaya,Klinik Utama,swasta,CAHAYA DIAGNOSTIC CENTRE,-7.2941667,112.7207974
Wonokromo,Surabaya,Klinik Utama,swasta,J GLOW,-7.2941667,112.7207974
Wonokromo,Surabaya,Klinik Utama,swasta,BENINGS,-7.2941667,112.7207974
Wonokromo,Surabaya,Rumah Sakit Umum,TNI/POLRI,RS Soemitro Lanud Surabaya,-7.2941667,112.7207974
Wonokromo,Surabaya,Rumah Sakit Umum,TNI/POLRI,RS dr. Ramelan,-7.2941667,112.7207974
Wonokromo,Surabaya,Rumah Sakit Umum,TNI/POLRI,RS Umum Tk. III Brawijaya,-7.2941667,112.7207974
Wonokromo,Surabaya,Klinik Pratama,TNI/POLRI,KESATRIAN,-7.2941667,112.7207974
,Surabaya,Apotek,swasta,Berlin 5,,
,Surabaya,Klinik Utama,swasta,KU.Dharma Husada Eye Clinic,,
,Surabaya,Klinik Utama,swasta,KU.Mata Royal,,
,Surabaya,Klinik Utama,swasta,KU.Idental Villa Bukit Mas,,
,Surabaya,Klinik Utama,swasta,KU.Prospek (Simokerto),,
,Surabaya,Klinik Utama,swasta,KU.Prodia,,
,Surabaya,Klinik Utama,swasta,KU.Pramita Ngagel,,
,Surabaya,Klinik Pratama,swasta,KP.Ella Skin Care,,
,Surabaya,Klinik Pratama,swasta,KP.Lavender,,
,Surabaya,Klinik Pratama,swasta,KP.BG Skin,,
,Surabaya,Klinik Pratama,swasta,KP.Maharva,,
,Surabaya,Klinik Pratama,swasta,KP.Biotech,,
,Surabaya,Klinik Pratama,swasta,KP.Maharva,,
,Surabaya,Klinik Pratama,swasta,KP.Beaudent,,
,Surabaya,Klinik Pratama,swasta,KP.Hayyu Syari Ngagel,,
,Surabaya,Klinik Pratama,swasta,KP.Kebangkitan,,
,Surabaya,Klinik Pratama,swasta,NAYAKA HUSADA 05,,
,Surabaya,Klinik Pratama,swasta,DERMASENSE,,
,Surabaya,Klinik Pratama,swasta,ANNABELLE'S SKIN CARE,,
,Surabaya,Klinik Pratama,swasta,GLOSKIN AESTHETIC CLINIC,,
,Surabaya,Klinik Pratama,swasta,NAAVAGREEN NATURAL SKINCARE,,
,Surabaya,Klinik Pratama,swasta,GLOBAL SEJAHTERA ABADA,,
,Surabaya,Klinik Pratama,swasta,LONDON BEAUTY CENTRE,,
,Surabaya,Klinik Pratama,swasta,PACIFIC CLINIC,,
,Surabaya,Klinik Pratama,swasta,KENCANA MEDIKA,,
,Surabaya,Klinik Pratama,swasta,B CLINIC,,
,Surabaya,Klinik Pratama,swasta,ESC ESL,,
,Surabaya,Klinik Utama,swasta,MIRACLE,,
,Surabaya,Klinik Utama,swasta,IMPROVE,,
,Surabaya,Klinik Utama,swasta,PRAMITA,,
,Surabaya,Klinik Utama,swasta,GIGI SEHAT EAST,,
,Surabaya,Klinik Utama,swasta,PHSC,,
,Surabaya,Klinik Utama,swasta,PROFIRA,,
,Surabaya,Klinik Utama,swasta,CIPUTRA SMG LASIK,,
,Surabaya,Klinik Utama,swasta,DR. SJAMSU,,
,Surabaya,Klinik Utama,swasta,PRAMITA,,
,Surabaya,Klinik Utama,swasta,DENTALAND,,
,Surabaya,Klinik Pratama,TNI/POLRI,ADHYAKSA KEJAKSAAN TINGGI JAWA TIMUR,,
,Surabaya,Klinik Pratama,TNI/POLRI,POLAIRUD,,
,Surabaya,Klinik Pratama,TNI/POLRI,SATLINLAMIL 2,,